30;7786626;J3666
154;28980100;J3699PC
154;034391T1;K4015
154;30250100;K4051
154;054708R;J3670R
154;1076749M1;P5073
154;1077749M1;H2198
154;71393893;J3698PC
154;72501530;P5073
154;16006845;K4119
154;836647133;H2186
46;6007001743003;J3512R
46;6007001744001;J3527R
65;671838;J3009
65;671839;J3010
65;3051818;J3015
65;4055092;J3115
65;4508865;K4069
65;702256-C1;P5054
125;29100015;K4077
125;2914930000;J3568R
155;30F75A USSR;Z5125
155;80-460812;K4056
155;A411000002CN;J3221
48;238H1109080;J3315
48;240-101-7040;T2171
128;200066;J3484
128;200067;J3485
126;B-02016;K4088
126;B-02142;J3621
126;3920947004;J3036
113;6667352;P5180
113;6675517;H2048
113;6598492;J3016
113;6598362;J3558
127;297561/00;K4023
35;13721247405;J3427
35;13721715880;J3413
35;1-13721707050;J3413
35;AM-34770;H2085
129;393957;J3501
67;257024;J3291
67;266222;J3364
67;1093682;J3291
67;3311624;J3290
67;35291970;J3363
67;87418366;J3509R
67;87418367;J3510R
67;87803261;H2212
67;034391T1;K4015
67;126781A1;J3528R
67;126782A1;J3529R
67;128781A1;J3528R
67;128782A1;J3529R
67;150794A1;H2046
67;153233A1;K4107
67;222421A1;J3520R
67;222422A1;J3521R
67;3125255/R1;J3485
67;3125342/R2;J3484(CD)
67;A-143382/45625;K4015
67;A-171255;J3587
67;A-171256;J3588
67;A-32297;K4037
67;A-43656;J3455
67;A-43657;J3456
67;A-58712;P5036
67;D-43800 ;K4099
67;D-43801;K4099
67;D-O529322-01;K4068
67;E-0663234C;K4099
67;J-908616;H2167
67;L-52029;K4097
67;R-25844;K4028
67;S-238646;J3289
67;T-1950555;J3685 C/D
68;944412;K4078
68;1318821;J3695R
68;1318822;J3696R
68;1402337;J3567R
68;6421537;J3310
68;119-4740;K4055
68;1N-8164;J3326
68;1P-2299;P5054
68;1P-7360;J3097
68;1P-7716;J3096
68;1P-8462;J3109
68;1R-0659;T2040
68;1R-0659;T2040
68;1R-0714;H2191
68;1R-0716;H2044
68;1R-0723;K4046
68;1R-0732;K4046
68;1R-0734;H2088
68;1R-0739;H2033
68;1R-0746;K4033
68;1R-0751;P5119
68;1S-6079;J3024
68;1W-0392;J3103
68;2M-2626;J3023
68;2P-4004;H2033
68;2P-4005;H2044
68;2P-5834;K4033
68;2S-1284;J3104
68;2S-1285;J3102
68;2S-1286;J3100
68;2S-1287;J3107
68;3S-4745;J3111
68;3S-9606;J3023
68;4A-332;K4047
68;4F-2205;K4048
68;4H-8792;Z5059
68;4I- 7575;J3503
68;4J-0816;K4045
68;4J-6064;K4005
68;4J-816;T2144
68;4L-4718;J3524
68;4L-9851;J3298
68;4L-9852;J3307
68;4M-8047;J3101
68;4M-8641;Z5059
68;4M-9334;J3085
68;4N-0015;J3661
68;4N-0313;J3105
68;4N-326;J3067
68;4N-5823;P5060
68;4S-5368;Z5059
68;4S-6600;J3308
68;4S-8337;J3308
68;4S-8340;J3309
68;4S-8833;J3098
68;4S-8834;J3099
68;4T- 6788;K4028
68;4T-0522;K4075
68;4T-7948 ;K4055
68;4W-4840;K4039
68;4W-4926;K4039
68;5I-7951;P5085
68;5J-8877;K4076
68;5S-0484;T2040
68;5S-4282;J3110
68;5S-485;T2042
68;6I-1450;J3482
68;6I-1451;J3483
68;6I-2499;J3541R
68;6I-2500;J3542R
68;6T-4783;P5119
68;7B-5264;Z5061
68;7E-0975;J3291
68;7J-0670;K4046
68;7M-8903;J3025
68;7N-1225;J3493
68;7N-9028;J3365
68;7W-5316;J3106
68;7W-5389;J3101
68;7W-5495;J3096
68;7W-6754E;J3367
68;7W-6754-E;J3551
68;7Y-0404;J3227
68;8J-1600;K4028
68;8M-5389;J3101
68;8N-4901;J3624
68;8N-5313;J3108
68;8N-5316;J3106
68;8N-5495;J3096
68;8N-5504;J3365
68;8N-9586;H2046
68;9F-6742;K4047
68;9J-0750;K4032
68;9J-5461;K4032
68;9L-1999;K4023
68;9L-8794;P5023
68;9L-9100;P5023
68;9L-9200;H2088
68;9M-9740;K4044
68;9N-5570;H2046
68;9S-9972;J3086
68;AJ-816;K4045
68;ME-035829;P5085
68;PT-9054;K4118
157;199001;K4018
157;199002;H2021
3;1444;J3694(PA)
3;1444 FF;J3663(PA)
3;190649;Z5184E
3;190651;Z5185E
3;1906-90;Z2202E
3;12K09130203;J3703P/F
3;AM-223105A;H2053
3;1444-X4;J3560(PA)
3;9650188880;J3563(PA)
36;481H1012010;H2094
36;3721012010;H2063
158;A3000-1105020;P5216C/P
158;A3000-1105030;P5177C/P
158;CX0708;P5073
158;CX 7085;P5073
158;B7604-1105200;P5177C/P
158;JX0811A;H2088
158;JX0810;H2225
158;JX08010B;H2081
158;JX0805A2;K4132
158;JX 85100-C;H2225
158;DX 200 M;P5112
158;JX1012 YJX 6332;H2191
158;JLX162D;H2021
158;612600081334;P5176
158;JX0604;H2063
114;142066/888331;K4007
114;230962;K4068
114;398933;K4013
114;6511197;K4022
114;6519066;J3304
114;1530600/45989;K4052
132;106621/70061817/70062101;T2008
132;28120;J3289
132;28121;J3290
132;151088;J3011
132;158139;T2007
132;299670;H2047
132;3013212;J3374
132;3013213;J3375
132;3308638;P5142
132;3318853;H2198
132;3351170;J3095
132;3351173;J3008
132;3351735;J3443
132;3843760;W6003
132;3889310;H2047
132;3903224;H2167
132;3903264;H2168
132;3903410;P5036
132;3903640;P5073
132;4897897;P5176
132;101855/120877;T2005
132;1249055H1;J3353
132;1249056H1;J3354
132;139097/256834;Z5034
132;600-311-6220;P5131
132;6691-81-7310;J3093
71;24097;K4065
71;28120;J3289
71;28121;J3290
159;113E-6713A;T2166
159;1557576;T2071
159;53030730;J3405
159;3518763/3357461;H2068
159;4213583;J3335
159;4241042;J3335
159;4342800;J3335
159;9601AA08269701;J3406
159;K-04891691AA;J3687(PA)
4;24749054;J3481
4;96085527;J3357
4;65055105009;H2168
4;65055105015;H2168
4;65125035003;Z5055
4;2056051430;K4078
4;1# 6611803209;T2200
4;13780-B0D-00-000;J3352
4;16510-7313-000;H2178
4;65-12503-5011;P5142
4;92060868-990318;J3395
4;A/F-D-144020;K4027
4;D-140182;K4055
4;FLUD 2366;T2129
4;D-141106;J3583R
4;D-141107;J3582R
5;15601/11421250534;H2063
5;9091503001;H2065
160;15208-65014;H2162
161;AC PF-911;H2047
47;04208015N EZ;T2208E
47;13187;T2018
47;1.164.406;H2022
47;1.164.620;P5181
47;1.168.469;T2018
47;1.174.482;P5136
47;1.174.696;P5132
47;1.174.416;H2076
47;1.182.672;P5153
47; 0118-0597;P5174
47;1.181.245;P5181
47;2311975;K4017
47;2371583;K4017
47;3.002.261;H2021
47;3.008.001;H2019
47;3.009.688;Z5020
47;3.009.960;Z5038
47;3009982;J3039
47;3009984;J3038
47;3.018.114;Z5042
47;3.018.372;J3087
47;3.018.504;J3036
47;3.018.713;J3032
47;3.018.716;J3034
47;3.019.767;J3031
47;3.019.768;J3033
47;3.019.946;J3037
47;3.019.947;J3031
47;3.020.986;Z5117
47;4.020.788;P5188
47;4.002.576;J3040
47;4.002.577;J3041
47;4009308;K4018
47;4305722;K4018
47;116-0243;P5073
47;1181749;H2021
47;300-9688;Z5040
47;300-9689;Z5020
47;301-8134;Z5042
47;302-6564;K4018
47;45161300;K4018
47;4802534;J3258
47;4802535;J3114
47;53210500;J3509R
47;63000500;J3510R
135;1182672;P5153
135;211031;P5073
135;211037;W6006
135;211373;H2167
135;212374;P5036
135;212385;P5073
135;212431;H2021
135;32905001;J3591
135;32905002;J3592
135;335657;K4022
135;499140;J3017
135;499190;J3016
135;499208;J3368
135;499309;J3014
135;499313;J3063
135;499345;J3291
135;499346;J3292
135;499349;K4028
135;499361;T2103
135;499386;J3289
135;499387;J3290
135;499513;J3050
135;499514;J3051
135;499519;K4018
135;499553;J3012
135;747284;H2021
135;747289;H2021
135;747476;H2021
135;752011;P5023
135;752012;H2088
135;752047;P5054
135;752091;H2046
135;801079;K4023
135;891528;J3017
135;902488;H2085
135;910366;K4093
135;922977;K4023
135;925676;H2088
135;925678;H2085
135;926556;K4023
135;928914;J3073
135;928915;J3074
6;53032700 AB 61950 A 08542;J3561(PA)
6;5083285 AA;H2168
162;XJ081002;H2225
7;1565249;T2227E
7;55197218;T2227E
7;17893;P5178
7;46783546;J3604
7;475611;J3037
7;503103529;TF8005
7;504091563;H2090
7;503120253;J3627R
7;51775324;J3702(PA)
7;51857956;J3713(PA)
7;55199862;J3626PA
7;55208286;J3625PA
7;55183265;J3702(PA)
7;55193849;J3702(PA)
7;595603;J3005
7;739016;T2036
7;754755;J3318
7;757242;Z5076
7;757242;Z5032
7;77362340;Z5207
7;883834;T2072
7;1034525;J3163
7;1037292;J3178
7;1038700;J3156
7;1039778;J3154
7;1042107;T2072
7;1042506;H2021
7;1043327;J3043
7;1043865;H2075
7;1044568;H2076
7;1044861;H2078
7;1901605;H2001
7;1902134;P5073
7;1905983;J3632
7;1907640;P5121
7;1908233;J3347R
7;1909106;K4020
7;1909116;J3044CD
7;1909130;K4021
7;1909135;J3046
7;1909139;J3042
7;1930010;P5136
7;1930174;J3047
7;1930175;J3048
7;1930589;J3520R
7;2991585;P5155
7;2992544;H2196
7;2995655;H2037
7;3743739;J3018
7;3842864;T2130
7;4083199;J3159
7;41272124;J3688R
7;4180816;J3156
7;4434794;H2085
7;4434852;J3167
7;4434951;J3166
7;4446000;J3166
7;4636409;T2003
7;4667755;H2002
7;471272;H2202
7;4971958;J3019
7;4971959;J3020
7;50036733-1;J3179(PA)
7;503120248;J3347R
7;5951865;H2048
7;5964796;H2048
7;5981936;P5074
7;5983927;J3171
7;5984044;H2183
7;5998293;J3332
7;7140555;J3040
7;7149135;J3041
7;7147701;P5215C/P
7;7604770;H2081
7;7628911;J3173
7;7633139;J3219
7;7634041;J3165
7;7688498;J3355
7;7712505;J3345
7;7722396;J3179
7;7738709;J3180
7;7841037;J3055
7;7841038;J3054
7;8300620;P5043
7;8305111;H2001
7;8322121;J3005
7;93828280;J3511R
7;9917419;J3015
7;9936891;P5074
7;10945204;J3087
7;46593751;J3300
7;70662477;J3004
7;70662608;J3013
7;70684734;J3003
7;92035955;J3183
7;94001516;J3155
7;94001776;J3156
7;94002091;J3166
7;97051230;H2073
7;97052905;H2076
7;300137988;J3052
7;300137989;J3053
7;500315484;Z5150
7;1042579 / 1042580;H2075
7;1043326/4083490;H2073
7;1907539;P5151
7;1908547;P5204
7;1909102/74027979;H2012
7;304101-R91/8310098;Z5075
7;4048993 / 4119668;J3154
7;4348451 / 4409902;J3167
7;4618310/1901605;P5021
7;4764725/5951651/5951661;P5074
7;4964323/1909107;Z5022
7;556404/8806171/250657;T2025
7;595601-A / 5966014;J3006
7;8304226/4107775;H2074
7;9900999/250413;T2024
163;4978765;K4060
163;70684733;J3001
163;79043778;J3001
163;79043779;J3002
163;730019695;K4009
163;49922079/4992333;K4059
163;631828-70694662;K4040
163;706626-09;J3002
163;70676022/70669434;K4002
163;70679513-2;K4004
52;112811;T2036
52;546404;T2025
52;739028;Z5032
52;748911;Z5032
52;1384034;J3181
52;1901602;H2012
52;1901604;H2002
52;1901605;P5021
52;1901929;Z5020
52;1902134;P5136
52;1902137;K4053
52;1902138;P5074
52;1902138;P5177
52;1902457;J3181
52;1904550;J3182
52;1907640;P5121
52;1908868;J3347
52;1909100;Z5020
52;1909103;P5021
52;1909106;K4020
52;1909116;J3044
52;1909117;J3045
52;1909126;Z5032
52;1909130;K4021
52;1909136;J3001
52;1909138;J3043
52;1930010;P5074
52;1930174;J3047
52;1930175;J3048
52;2854749;H2212
52;2992241;P5176
52;2992242;H2212
52;2992261;WA61000
52;2992300;P5177
52;2992374;J3589
52;2992662;P5203(CP)
52;2996157;J3648P
52;41272124;J3688R
52;41272515;J3677
52;4538573;T2003
52;4539309;Z5076
52;4618310;P5021
52;4625547;H2001
52;4667339;H2002
52;4764725;P5074
52;503101176;J3639
52;503104436;J3627R
52;503120401;P5208
52;5102236;J3044
52;5980183;J3181
52;5981936;P5074
52;5983899;J3181
52;7140553;P5167
52;7146717;P5175
52;8304226;H2021
52;8306240;P5043
52;8308721;H2001
52;8310098;Z5075
52;93829614;J3511R
52;9936891;P5074
52;99445200;H2196
52;1907584;H2196/D
52;1908547;P5151
52;1907539;P5151
164;15221-43080;P5046
164;70247060;J3368
164;152871149;J3049
165;AF-0304M;J3024
165;AF-0331;J3298
165;AF-0335M;J3085
165;AF-0336M;J3106
165;AF-0337;J3103
165;AF-0338;J3100
165;AF-0340;J3107
165;AF-0341;J3104
165;AF-0343;J3102
165;AF-0344M;J3101
165;AF-0348;J3325
165;AF-0350K;J3063
165;AF-0351K;J3317
165;AF-0409K;J3017
165;AF-0411;J3184
165;AF-0418M;J3001
165;AF-0421M;J3050
165;AF-0424M;J3003
165;AF-0434KM;J3012
165;AF-0435KM;J3014
165;AF-0437K;J3016
165;AF-0471;J3008
165;AF-0472M;J3095
165;AF-0488;J3068
165;AF-0490M;J3002
165;AF-0499;J3099
165;AF-0802;J3098
165;AF-0820M;J3004
165;AF-0821M;J3051
165;AF-0828;J3061
165;AF-0829;J3331
165;AF-0873M;J3108
165;AF-0874;J3109
165;AF-0875M;J3096
165;AF-0876;J3097
165;AF-0922;J3105
165;AF-0945K;J3060
165;AF-0955;J3010
165;AF-0959;J3086
165;AF-0963;J3082
165;AF-1601M;J3232
165;AF-1604;J3375
165;AF-1605M;J3374
165;AF-1606KM;J3363
165;AF-1628;J3222
165;AF-1638;J3079
165;AF-1639;J3080
165;AF-1643;J3071
165;AF-1644;J3072
165;AF-1649;J3324
165;AF-1658K;J3368
165;AF-1659;J3067
165;AF-1662;J3082
165;AF-1663;J3081
165;AF-1665;J3084
165;AF-1693;J3083
165;AF-1733K;J3291
165;AF-1747K;J3077
165;AF-1761;J3251
165;AF-1767;J3228
165;AF-1768M;J3227
165;AF-1780;J3581
165;AF-1790M;J3207
165;AF-1793;J3260
165;AF-1802;J3182
165;AF-1820M;J3493
165;AF-1822;J3432
165;AF-1823K;J3675CD
165;AF-1828;J3294
165;AF-1830KM;J3075
165;AF-1839;J3076
165;AF-1840;J3031
165;AF-1841;J3041
165;AF-1842;J3037
165;AF-1843;J3114
165;AF-1849M;J3026
165;AF-1851;J3076
165;AF-1855;J3197
165;AF-1862M;J3073
165;AF-1863M;J3074
165;AF-1866M;J3287
165;AF-1869;J3661
165;AF-1873;J3288
165;AF-1884KM;J3311
165;AF-1885;J3306
165;AF-1890M;J3365
165;AF-1891;J3367
165;AF-1892;J3364
165;AF-1894M;J3295
165;AF-1902M;J3091
165;AF-1903M;J3400
165;AF-1906;J3253
165;AF-1934M;J3289
165;AF-1935M;J3290
165;AF-1965M;J3491
165;AF-1966;J3558
165;AF-1974;J3572
165;AF-1980;J3029
165;AF-25007;J3376
165;AF-25022;J3398
165;AF-25057;J3047
165;AF-25064;J3087
165;AF-25065;J3040
165;AF-25066;J3348
165;AF-25075;J3197
165;AF-25111M;J3541R
165;AF-25112M;J3542R
165;AF-25125M;J3612R
165;AF-25126M;J3613R
165;AF-25215;J3553R
165;AF-25254;J3418
165;AF-25256;J3372
165;AF-25260;J3347R
165;AF-25279;J3482R
165;AF-25280;J3483R
165;AF-25291;J3509R
165;AF-25292;J3520R
165;AF-25295;J3273
165;AF-25306;J3384(PA)
165;AF-25308;J3548R
165;AF-25320;J3519
165;AF-25321;J3523
165;AF-25323;J3199
165;AF-25337M;J3565R
165;AF-25342;J3494
165;AF-25352;J3691R
165;AF-25354;J3579R
165;AF-25356;J3200
165;AF-25371;J3709
165;AF-25372;J3185
165;AF-25380;J3338
165;AF-25382;J3614R
165;AF-25429;J3580R
165;AF-25437;J3590R
165;AF-25439;J3615R
165;AF-25457;J3710
165;AF-25477;J3500
165;AF-25483;J3566R
165;AF-25484;J3510R
165;AF-25485;J3521R
165;AF-25485;J3521R
165;AF-25491;J3672R
165;AF-25492;J3671R
165;AF-25502K;J3554
165;AF-25503;J3555
165;AF-25510;J3411
165;AF-25521;J3529R
165;AF-25523;J3693R
165;AF-25524;J3528R
165;AF-25529;J3592(P)
165;AF-25539;J3665R
165;AF-25540K;J3591
165;AF-25551 ;J3543R
165;AF-25557;J3691R
165;AF-25565;J3533R
165;AF-25566;J3556R
165;AF-25567;J3531
165;AF-25584M;J3408
165;AF-25599;J3387(PA)
165;AF-25618;J3680R
165;AF-25634;R3712R
165;AF-25667;J3610R
165;AF-25683;J3418
165;AF-25684;J3406(PA)
165;AF-25688;J3443
165;AF-25709;J3362(PA)
165;AF-25721;J3569R
165;AF-25722;J3570R
165;AF-25723;J3512R
165;AF-25724;J3527R
165;AF-25725;J3568R
165;AF-25727;J3508R
165;AF-25728;J3571R
165;AF-25729;J3537R
165;AF-25730;J3538R
165;AF-25731;J3634(PA)
165;AF-25748;J3525R
165;AF-25749;J3526R
165;AF-25756;J3590R
165;AF-25763M;J3353
165;AF-25764;J3354
165;AF-25770;J3670(R)
165;AF-25794;J3514R
165;AF-25795;J3513R
165;AF-25841;J3559(PA)
165;AF-25957;J3679R
165;AF-25997;J3535R
165;AF-26114;J3611R
165;AF-26193;J3543R
165;AF-26197;J3617
165;AF-26198;J3618
165;AF-26204;J3589
165;AF-26211;J3536 R
165;AF-26241;J3688R
165;AF-26245;J3648P
165;AF-26285K;J3585
165;AF-26286;J3586
165;AF-26296;J3677
165;AF-26391;J3533R
165;AF-26392;J3556R
165;AF-27817;WA61000
165;AF-289;J3025
165;AF-303;J3023
165;AF-332;J3307
165;AF-333;J3524
165;AF-347M;J3115
165;AF-353K;J3015
165;AF-361M;J3299
165;AF-362;J3011
165;AF-4058;J3036
165;AF-4059K;J3291
165;AF-4060;J3258
165;AF-4066;J3278
165;AF-4067;J3032
165;AF-4074;J3006
165;AF-4078;J3005
165;AF-4103;J3292
165;AF-4135;J3034
165;AF-4149;J3259
165;AF-4158;J3093
165;AF-4159;J3092
165;AF-416;J3018
165;AF-4164K;J3044
165;AF-4165;J3045
165;AF-427M;J3455
165;AF-427M;J3455
165;AF-43656;J3455
165;AF-43657;J3457
165;AF-437KM;J3042
165;AF-438;J3310
165;AF-4504M;J3094
165;AF-4509;J3486
165;AF-4513;J3086
165;AF-4514;J3097
165;AF-4518;J3215
165;AF-4521;J3033
165;AF-4522;J3035
165;AF-4523;J3183
165;AF-4534;J3319
165;AF-4564KM;J3225
165;AF-4567;J3503
165;AF-4573K;J3350
165;AF-4574;J3501
165;AF-4593;J3118(PA)
165;AF-4597;J3335(PA)
165;AF-4607;J3125
165;AF-461;J3304
165;AF-4616;J3255
165;AF-4624;J3177
165;AF-4626;J3226
165;AF-4639;J3624
165;AF-4720;J3281
165;AF-4727;J3349
165;AF-4739;J3467
165;AF-4748-K;J3685CD
165;AF-4754;J3343
165;AF-4755;J3344
165;AF-4756;J3587
165;AF-4757;J3588
165;AF-4772;J3296
165;AF-4801;J3487
165;AF-4818;J3485
165;AF-4819;J3488
165;AF-4826K;J3489
165;AF-4827;J3490
165;AF-4835K;J3484
165;AF-4838;J3481
165;AF-487;J3059
165;AF-4878;J3552R
165;AF-4886;J3367
165;AF-4887KM;J3549
165;AF-4893M;J3052
165;AF-4896;J3499
165;AF-489K;J3064
165;AF-4906;J3181
165;AF-4909K;J3522
165;AF-4915;J3637(PA)
165;AF-4917;J3339
165;AF-4953;J3382
165;AF-4972;J3632
165;AF-4973K;J3492
165;AF-498;J3309
165;AF-4992;J3356
165;AF-4994;J3048
165;AF-800;J3111
165;AF-801;J3308
165;AF-803;J3110
165;AF-804M;J3013
165;AF-822M;J3456
165;AF-829;J3331
165;AF-845;J3198
165;AF-847;J3197
165;AF-851M;J3116
165;AF-852;J3306
165;AF-875M;J3096
165;AF-876;J3097
165;AF-881;J3027
165;AF-882M;J3026
165;AF-883M;J3326
165;AF-889;J3070
165;AF-893;J3091
165;AF-901;J3069
165;AF-906;J3065
165;AF-907;J3066
165;AF-910;J3293
165;AF-921M;J3067
165;AF-922;J3105
165;AF-932;J3058
165;AF-937;J3303
165;AF-938;J3456
165;AF-939;J3302
165;AF-943;J3326
165;AF-947;J3081
165;AF-956M;J3009
165;AF-971;J3261
165;AF-975M;J3457
165;AF-976M;J3458
165;AF-979;J3576
165;AF-979;J3409
165;AF-987;J3577
165;AF-990;J3643
165;FF-104;P5140
165;FF-105D;P5050
165;FF-106;Z5115
165;FF-106;Z5027
165;FF-108;Z5034
165;FF-109;Z5028
165;FF-111;Z5058
165;FF-111;Z5062
165;FF-111;Z5053
165;FF-111;Z5029
165;FF-112;Z5030
165;FF-116;Z5059
165;FF-122;Z5061
165;FF-127;Z5031
165;FF-130;Z5049
165;FF-134;Z5075
165;FF-144;Z5071
165;FF-144;Z5035
165;FF-145;Z5069
165;FF-146;Z5055
165;FF-147;Z5038
165;FF-167;Z5020
165;FF-171;P5124
165;FF-172;P5080
165;FF-183;P5023
165;FF-184;P5137
165;FF-185 ;P5054
165;FF-194;P5054
165;FF-198;P5050
165;FF-202;P5065
165;FF-203;Z5048
165;FF-204;P5138
165;FF-211;P5060
165;FF-222;P5079
165;FF-231;P5181
165;FF-235;P5063
165;FF-246;Z5173
165;FF-4008;Z5056
165;FF-4036;P5154
165;FF-4052;Z5068
165;FF-4052A;Z5135
165;FF-4070;P5155
165;FF-4080;Z5032
165;FF-4141;Z5057
165;FF-5011;P5127
165;FF-5012;P5128
165;FF-5018;P5073
165;FF-5021;P5064
165;FF-5035;P5045
165;FF-5036;P5066
165;FF-5037;P5065
165;FF-5039;P5021
165;FF-5040;P5132
165;FF-5046;P5074
165;FF-5048;Z5117
165;FF-5048;Z5042
165;FF-5049;Z5040
165;FF-5050;Z5067
165;FF-5050;Z5116
165;FF-5052;P5073
165;FF-5064;Z5022
165;FF-5074;P5174
165;FF-5078;P5139
165;FF-5081;P5131
165;FF-5089;P5085
165;FF-5091;P5132
165;FF-5103;Z5172
165;FF-5112;P5120
165;FF-5114;P5078
165;FF-5119;Z5171
165;FF-5135;P5074
165;FF-5135;P5177
165;FF-5156;P5136
165;FF-5159;P5114
165;FF-5160;P5112
165;FF-5160SS;P5047
165;FF-5198;Z5199
165;FF-5206;P5051
165;FF-5207;P5052
165;FF-5219;P5113
165;FF-5226;P5046
165;FF-5229;P5160
165;FF-5269;P5139
165;FF-5272;P5153
165;FF-5284;P5121
165;FF-5297;P5143
165;FF-5300;P5213
165;FF-5307;P5114
165;FF-5309;P5119
165;FF-5312;P5165
165;FF-5368;P5201
165;FF-5373;P5163
165;FF-5380;Z5194
165;FF-5405;Z5196
165;FF-5421;P5176
165;FF-5424;P5143
165;FF-5457;P5155
165;FF-5485;P5176
165;FF-5612;P5176
165;FF-5626;P5143
165;FF-5647;P5198
165;FS-1206;Z5098
165;FS-1207;Z5097
165;FS-1212;P5142
165;FS-1214;P5142
165;FS-1235;P5180 C/P
165;FS-1251;P5136
165;FS-1254;P5151
165;FS-1280;P5036
165;FS-19504;P5170
165;FS-19513;P5182
165;FS-19680;P5210 C/P
165;FS-19774;P5210 C/P
165;FS-19781;P5177
165;FS-19821;P5203 C/P
165;HF-28804;K4105
165;HF-28836;K4107
165;HF-28900;K4033
165;HF-28916;H2046
165;HF-28975;K4098
165;HF-28975;K4098
165;HF-28989;K4018
165;HF-35277;K4071
165;HF-35296;K4086
165;HF-35467;K4055
165;HF-6000;K4102
165;HF-6011;K4099
165;HF-6018;K4106
165;HF-6057;K4023
165;HF-6059;K4022
165;HF-6059;K4008
165;HF-6072;K4041
165;HF-6079;T2032
165;HF-6079;K4024
165;HF-6080;K4037
165;HF-6083;K4046
165;HF-6094;K4049
165;HF-6097;K4044
165;HF-6098;K4005
165;HF-6101;K4043
165;HF-6112;K4062
165;HF-6118;K4010
165;HF-6118;K4001
165;HF-6118;T2003
165;HF-6147;K4031
165;HF-6150;K4097
165;HF-6151;K4126
165;HF-6162;K4053
165;HF-6165;K4004
165;HF-6168;K4052
165;HF-6171;K4002
165;HF-6172;K4029
165;HF-6173;K4093
165;HF-6177;K4066
165;HF-6179;K4090
165;HF-6182;K4105
165;HF-6184;K4026
165;HF-6187;K4052
165;HF-6188;K4027
165;HF-6198;K4068
165;HF-6199;K4071
165;HF-6201;T2144
165;HF-6201;K4045
165;HF-6202;K4032
165;HF-6209;K4096
165;HF-6213;K4083
165;HF-6237;K4007
165;HF-6243;K4012
165;HF-6245;K4104
165;HF-6267;K4018
165;HF-6268;K4020
165;HF-6285;K4065
165;HF-6303;K4031
165;HF-6311;K4122
165;HF-6316;K4101
165;HF-6317;K4100
165;HF-6319;K4078
165;HF-6330;K4060
165;HF-6332;K4113
165;HF-6337;K4055
165;HF-6339;K4046
165;HF-6344;K4032
165;HF-6352;K4034
165;HF-6354;K4081
165;HF-6354;K4006
165;HF-6356;K4098
165;HF-6361;K4023
165;HF-6365;K4033
165;HF-6376;K4075
165;HF-6388;K4107
165;HF-6475;K4086
165;HF-6479;K4086
165;HF-6481;K4067
165;HF-6510;K4023
165;HF-6601;K4025
165;HF-6710;K4028
165;HF-6711;K4015
165;HF-7535;K4084
165;HF-7549;K4128E
165;HF-7569;K4021
165;HF-7901;K4092
165;HF-7919;K4119
165;HF-7921;K4103
165;HF-7923;K4078
165;HF-7962;K4087
165;HF-7964;K4122
165;HF-7995;K4122
165;LF16015;H2212
165;LF16117;H2212
165;LF-16173;H2228
165;LF-3000;H2198
165;LF-3313;H2011
165;LF-3315;H2037
165;LF-3319;T2174
165;LF-3320;T2105
165;LF-3322;T2103
165;LF-3327;T2149
165;LF-3328;H2191
165;LF-3333;H2047
165;LF-3333SC;H2170
165;LF-3335;H2063
165;LF-3336;H2125
165;LF-3338;H2063
165;LF-3338;H2135
165;LF-3342;H2046
165;LF-3344;H2050
165;LF-3345;H2167
165;LF-3346;H2002
165;LF-3347;H2001
165;LF-3349;H2168
165;LF-3350;T2104
165;LF-3352;K4077
165;LF-3356;H2211
165;LF-3371;H2004
165;LF-3372;H2202
165;LF-3376;H2048
165;LF-3378;H2120
165;LF-3386;T2203
165;LF-3400;H2068
165;LF-3407;H2077
165;LF-3428;T2175
165;LF-3433;H2077
165;LF-3435;H2162
165;LF-3436;H2062
165;LF-3443;H2107
165;LF-3455;H2089
165;LF-3462;H2157
165;LF-3462;H2095
165;LF-3462;H2091
165;LF-3464;H2064
165;LF-3468;K4080
165;LF-3481;H2012/D
165;LF-3488;H2057
165;LF-3528;H2094
165;LF-3536;H2182
165;LF-3537;H2155
165;LF-3564;H2014
165;LF-3567;H2031
165;LF-3568;H2086
165;LF-3569;H2013
165;LF-3573;T2017
165;LF-3584;T2152
165;LF-3585;T2101
165;LF-3594;H2196/D
165;LF-3608;H2080
165;LF-3610;T2040
165;LF-3614;H2146
165;LF-3614;H2065
165;LF-3624;H2119
165;LF-3635;H2027
165;LF-3642;H2070
165;LF-3655;H2126
165;LF-3657;H2095
165;LF-3665;H2124
165;LF-3669;H2079
165;LF-3681;H2222
165;LF-3691;H2155
165;LF-3692;H2039
165;LF-3703;H2192
165;LF-3729;H2213
165;LF-3730;H2033
165;LF-3733;K4118
165;LF-3766;H2076
165;LF-3769;T2200
165;LF-3783;H2186
165;LF-3827;T2216E
165;LF-3828;H2197
165;LF-3854;H2221
165;LF-3914;T2217E
165;LF-3937;H2213
165;LF-3970;H2213
165;LF-3977;H2196
165;LF-3994;H2185
165;LF-4016;H2011
165;LF-4017;H2112
165;LF-4053;T2149
165;LF-4053;T2149
165;LF-4054;H2021
165;LF-4081;T2025
165;LF-4105;T2224
165;LF-4112;H2022
165;LF-500;T2008
165;LF-503;K4069
165;LF-504;T2102
165;LF-509M;K4074
165;LF-509N;T2003
165;LF-510 ;T2100
165;LF-512;T2010
165;LF-513;T2100
165;LF-516;T2007
165;LF-519;T2042
165;LF-546;K4047
165;LF-552;T2087
165;LF-558;K4039
165;LF-560;T2071
165;LF-566;T2093
165;LF-569;T2024
165;LF-570;T2184
165;LF-570;T2145
165;LF-574;T2130
165;LF-580;H2075
165;LF-587;T2029
165;LF-594;K4014
165;LF-596;T2113
165;LF-598;T2035
165;LF-601;K4048
165;LF-607;H2122
165;LF-654;H2088
165;LF-666;K4076
165;LF-667;H2033
165;LF-670;H2047
165;LF-678;H2028
165;LF-680;H2030
165;LF-682;H2012
165;LF-684;K4033
165;LF-688;T2041
165;LF-691;H2044
165;LF-695;H2185
165;LF-700;H2085
165;LF-701;H2013 
165;LF-701;H2069
165;LF-702;H2089
165;LF-703;H2049
165;LF-716;H2182
165;LF-716;H2081
165;LF-735;K4040
165;LF-739;H2009
165;LF-750B;T2005
165;LF-756;T2034
165;LF-779;T2098
165;LF-780;H2058
165;LF-781;H2085
165;LF-781;H2110
165;LF-782;H2059
165;LF-783;H2118
165;LF-785;H2085
165;LF-786;H2074
165;LF-786;H2073
165;LF-787;H2015
165;LF-791;T2166
165;LF-9009;H2198
165;WF-2051;W6007
165;WF-2055;W6005
165;WF-2071;W6007
165;WF-2073;W6006
166;1603PL;K4007
166;C-10353;Z5193
166;C-1112;Z5115
166;C-1143PBM;Z5034
166;C-1145/5;J3460
166;C-1166PL;Z5059
166;C-1168PL;Z5049
166;C-1169;Z5062
166;C-1170RO;Z5061
166;C-1173PL;Z5028
166;C-1174PL;Z5027
166;C-1175PL;Z5029
166;C-11816PL;Z5035
166;C-11817PL;Z5077
166;C-11838PL;Z5069
166;C-11846PL;Z5071
166;C-11860PL;Z5055
166;C-11860PL;Z5057
166;C-11861PL;Z5038
166;C-1187PL;Z5081
166;C-1188PL;Z5031
166;C-1189;Z5030
166;C-11909PL;Z5067
166;C-1191;Z5111
166;C-1191A;Z5020
166;C-1191PL;Z5020
166;C-1192PL;Z5040
166;C-11950PL;Z5032
166;C-11951PL;Z5076
166;C-139PL;T2029
166;C-1600;K4054
166;C-1655PL;K4048
166;C-1660;K4005
166;C-1661PL;K4013
166;C-1664;K4049
166;C-1671;K4031
166;C-1671;K4022
166;C-1677;T2144
166;C-1677;K4045
166;C-1681;K4004
166;C-1682;K4041
166;C-1686;K4009
166;C-1719PL;K4052
166;C-1721;K4024
166;C-1723;K4032
166;C-174;T2008
166;C-175;T2005
166;C-191PL;K4039
166;C-196PL;K4047
166;C-31PL;T2102
166;C-3936;K4026
166;C-3PL;T2130
166;C-4120;Z5075
166;C-4121/A;Z5056
166;C-4163;Z5135
166;C-43;T2024
166;C-4426;Z5022
166;C-4635;K4046
166;C-4643;K4020
166;C-4661;Z5068
166;C-4662;K4085
166;C-4880;Z5117
166;C-4881;Z5042
166;C-4986A;Z5199
166;C-4PL;T2100
166;C-5563;Z5133
166;C-5897;Z5147
166;C-5897;Z5147
166;C-5932;Z5196
166;C-5940;Z5145
166;C-6957;K4071
166;C-7043;K4097
166;C-7300;K4081
166;C-8820;Z5189E
166;C-8820;Z5149
166;C-8826;Z5194E
166;C-8827;Z5184E
166;C-8837;Z5186E
166;C-8953;Z5185E
166;C-950PL;T2036
166;C-952PL;T2072
166;C-9712;Z5187E
166;CA-10023;J3694(PA)
166;CA-10024;J3663(PA)
166;CA-10085;J3606(PA)
166;CA-10111;J3583R
166;CA-10112;J3540R
166;CA-10221;J3511R
166;CA-10237;J3663(PA)
166;CA-10276;J3684(PA)
166;CA-10320;J3688R
166;CA-10477;J3655R
166;CA-10697;J3692(PA)
166;CA-10748 SY;J3644R
166;CA-10749;J3601R
166;CA-10749 SY;J3602R
166;CA-13392;J3678(PA
166;CA-1514;J3009
166;CA-1514SY;J3010
166;CA-151PL;J3150
166;CA-1532 SY;J3364/P
166;CA-1533;J3079
166;CA-1533SY;J3080
166;CA-1540;J3058
166;CA-1544 SY;J3292 P
166;CA-1548;J3108
166;CA-1548 SY;J3109
166;CA-1553;J3081
166;CA-1553 SY;J3082
166;CA-1566;J3300
166;CA-1569;J3069
166;CA-1569SY;J3070
166;CA-1596;J3576
166;CA-1596 SY;J3577
166;CA-216;J3103
166;CA-219;J3307
166;CA-223;J3298
166;CA-224;J3101
166;CA-226;J3085
166;CA-226SY;J3086
166;CA-233;J3106
166;CA-234;J3107
166;CA-235;J3104
166;CA-236;J3100
166;CA-237;J3102
166;CA-239;J3524
166;CA-2517;J3071
166;CA-2517 SY;J3072
166;CA-2521;J3075
166;CA-2521SY;J3076
166;CA-253 SY;J3558P
166;CA-254;J3063
166;CA-2541;J3294
166;CA-2541 SY;J3295
166;CA-2555;J3487
166;CA-2557SY;J3043
166;CA-258;J3331
166;CA-258 SY;J3029P
166;CA-2590;J3365
166;CA-2595;J3374
166;CA-2595SY;J3375
166;CA-260;J3023
166;CA-261;J3024
166;CA-262;J3325
166;CA-2653;J3133
166;CA-2663APL;J3248
166;CA-2671PL;J3156
166;CA-2678;J3195
166;CA-268;J3025
166;CA-2690;J3163
166;CA-270;J3011
166;CA-2708;J3125
166;CA-2718;J3155
166;CA-2732;J3189
166;CA-274;J3115
166;CA-283;J3197
166;CA-283SY;J3198
166;CA-284;J3308
166;CA-284SY;J3309
166;CA-285;J3110
166;CA-2868;J3240
166;CA-287;J3098
166;CA-3105;J3032
166;CA-3105SY;J3033
166;CA-3115;J3192
166;CA-3154;J3237
166;CA-3164;J3249
166;CA-3164;J3178
166;CA-3165PL;J3149
166;CA-3167;J3167
166;CA-3168;J3166
166;CA-3280;J3258
166;CA-3280;J3258
166;CA-3280SY;J3114
166;CA-3290;J3260
166;CA-3291;J3087
166;CA-3291SY;J3031
166;CA-3295;J3034
166;CA-3295SY;J3035
166;CA-3333;J3276
166;CA-335PL;J3119
166;CA-3441;J3335
166;CA-3492;J3222
166;CA-352;J3324
166;CA-3588;J3581
166;CA-3660;J3335(PA)
166;CA-376;J3351
166;CA-3782;J3457
166;CA-3782 SY;J3458
166;CA-3874;J3202
166;CA-3901;J3209
166;CA-3914;J3370
166;CA-3989;J3289
166;CA-3989SY;J3290
166;CA-4202;J3036
166;CA-4202SY;J3037
166;CA-4215;J3182
166;CA-4221;J3259
166;CA-4223;J3094
166;CA-4225SY;J3057
166;CA-4238;J3145
166;CA-4239;J3157
166;CA-4255;J3273
166;CA-4260;J3278
166;CA-4261;J3188
166;CA-4283;J3236
166;CA-4284;J3234
166;CA-4286;J3235
166;CA-4329;J3252
166;CA-4333;J3356
166;CA-4352;J3184
166;CA-4354;J3253
166;CA-4360;J3045
166;CA-4365;J3128
166;CA-4419;J3277
166;CA-4498;J3166
166;CA-4556;J3332
166;CA-4563;J3021
166;CA-4580;J3444 (PA)
166;CA-4597;J3219
166;CA-4598;J3318
166;CA-4685;J3040
166;CA-4685SY;J3041
166;CA-4691;J3296
166;CA-4691SY;J3297
166;CA-4692SY;J3320
166;CA-4759;J3215
166;CA-4813;J3181
166;CA-4822;J3171
166;CA-4877;J3186
166;CA-4882;J3077
166;CA-4882SY;J3078
166;CA-4888;J3187
166;CA-4890 SY;J3048
166;CA-4893;J3348
166;CA-4932;J3130
166;CA-4951M/B;J3316
166;CA-4974;J3239
166;CA-4989;J3534
166;CA-502;J3095
166;CA-5021;J3073
166;CA-5021SY;J3074
166;CA-502SY;J3008
166;CA-5058;J3118
166;CA-507;J3003
166;CA-5070;J3403
166;CA-507SY;J3004
166;CA-508SY;J3061
166;CA-5108;J3450(PA)
166;CA-5111;J3238
166;CA-5140;J3022
166;CA-5144;J3518(PA)
166;CA-5155;J3281
166;CA-5156;J3190
166;CA-5160;J3515
166;CA-5161;J3173
166;CA-5164;J3173
166;CA-516SY;J3013
166;CA-5228;J3121
166;CA-5229;J3255
166;CA-523;J3001
166;CA-5232;J3047
166;CA-5233;J3362
166;CA-523SY;J3046
166;CA-523SY;J3002
166;CA-5266;J3165
166;CA-5301;J3414(PA)
166;CA-5304;J3185
166;CA-5308;J3280
166;CA-5309;J3336
166;CA-5325;J3179
166;CA-5329;J3030
166;CA-5331;J3239
166;CA-534;J3067
166;CA-5347;J3376
166;CA-534SY;J3105
166;CA-535;J3050
166;CA-5350;J3451 (PA)
166;CA-5356;J3180
166;CA-5357;J3381
166;CA-535SY;J3051
166;CA-536;J3116
166;CA-5369;J3432
166;CA-5370;J3396(PA)
166;CA-5371;J3295
166;CA-5376A;J3333
166;CA-5377;J3161
166;CA-5377D;J3388
166;CA-5397;J3379
166;CA-5400;J3447 (PA)
166;CA-5416;J3257
166;CA-5435;J3637(PA)
166;CA-5456;J3340
166;CA-546 ;J3319
166;CA-546 SY;J3013
166;CA-5461;J3113
166;CA-5463;J3346
166;CA-5485;J3254
166;CA-5488;J3328
166;CA-5492;J3412
166;CA-5494;J3378
166;CA-5495;J3345
166;CA-5496;J3176
166;CA-5501;J3383(PA)
166;CA-5513;J3393
166;CA-5522;J3387(PA
166;CA-5554;J3380
166;CA-5575;J3164
166;CA-5578;J3250
166;CA-5611;J3342
166;CA-5626;J3409
166;CA-5626-PU;J3535R
166;CA-5626-SY PU;J3536R
166;CA-5627;J3174
166;CA-563;J3455
166;CA-563 SJ;J3456
166;CA-5630;J3397(PA)
166;CA-5671;J3220
166;CA-5673;J3361(PA)
166;CA-5677;J3355
166;CA-5680;J3423 (PA)
166;CA-5682D;J3382
166;CA-570;J3092
166;CA-570SY;J3093
166;CA-5718;J3397
166;CA-5785;J3391
166;CA-5787;J3347R
166;CA-5827;J3437
166;CA-5837;J3369(PA)
166;CA-5854;J3422
166;CA-5901;J3214
166;CA-5921;J3454
166;CA-5929;J3438(PA)
166;CA-5930;J3469
166;CA-5941;J3431(PA)
166;CA-595;J3206
166;CA-5961;J3508R
166;CA-5967;J3408
166;CA-5970;J3445 PA
166;CA-5971;J3058
166;CA-5971 SY;J3464
166;CA-5971SY;J3464
166;CA-598;J3096
166;CA-5981;J3506(PA)
166;CA-598SY;J3097
166;CA-6366;J3177
166;CA-641PL;J3148
166;CA-6472 SY;J3326
166;CA-651PL;J3246
166;CA-6523;J3026
166;CA-6523SY;J3027
166;CA-6530;J3486
166;CA-6604 SY;J3226
166;CA-660PL;J3154
166;CA-664PL;J3158
166;CA-670PL;J3159
166;CA-680PL;J3178
166;CA-6939;J3301
166;CA-7139;J3552R
166;CA-7139 SY;J3553R
166;CA-7218;J3400
166;CA-7421;J3372
166;CA-7431;J3372(PA)
166;CA-7440;J3404
166;CA-7764;J3473(PA)
166;CA--7774;J3418
166;CA-8141;J3418
166;CA-8243;J3406
166;CA-8621;J3590R
166;CA-8621 SY;J3693R
166;CA-8668;J3384(PA)
166;CA-8674;J3429(PA)
166;CA-8675-D;J3475(PA)
166;CA-8736;J3547
166;CA-8737;J3520R
166;CA-8748;J3459
166;CA-8772;J3356
166;CA-8774;J3460
166;CA-8784;J3471(PA)
166;CA-8805;J3504PA
166;CA-8821;J3439(PA)
166;CA-8847;J3507(PA)
166;CA-8858;J3405(PA)
166;CA-8919;J3559(PA)
166;CA-8964;J3474(PA)
166;CA--8995;j3477(PA)
166;CA-8996;J3605(PA)
166;CA-9002;J3569R
166;CA-9002 SY;J3570R
166;CA-9003;J3533R
166;CA-9003 SY;J3556R
166;CA-9015;J3597(PA)
166;CA-9032;J3627R
166;CA-9033;J3517R
166;CA-9074;J3659
166;CA-9078;J3593(PA)
166;CA-9098;J3448(PA)
166;CA-9231;J3654
166;CA-9283;J3465
166;CA-9315;J3560(PA)
166;CA-9352;J3512R
166;CA-9355;J3635R
166;CA-9369;J3582R
166;CA-9375;J3496(PA)
166;CA-9391;J3497(PA)
166;CA-9410;J3664(PA)
166;CA-9411;J3505(PA)
166;CA-9411;J3505(PA)
166;CA-9431;J3664(PA)
166;CA-9475;J3419
166;CA-9511;J3498(PA)
166;CA-9519;J3597(PA)
166;CA-9572 D;J3495(PA)
166;CA-9711;J3711(PA)
166;CA-9746;J3537R
166;CA-9746 SY;J3538R
166;CA-9747;J3584R
166;CA-9754;J3639/PA)
166;CA-9783;J3589
166;CA-9784;J3638
166;CA-9849;J3656(PA)
166;CA-9874;J3528R
166;CA-9874-SY;J3529R
166;CA-9902;J3697(PA)
166;CA-9937;J3598(PA)
166;CA-9945;J3681(PA)
166;CAK-1544;J3291
166;CAK-2521;J3075
166;CAK-253;J3016
166;CAK-255;J3015
166;CAK-2557;J3042
166;CAK-256;J3014
166;CAK-258;J3017
166;CAK-259;J3317
166;CAK-4225;J3056
166;CAK-4361;J3044
166;CAK-508;J3060
166;CAK-516;J3012
166;CAK-530;J3368 C/D
166;CAK-546;J3012 C/D
166;CAK-563 A;J3291 C/D
166;CAK-6604;J3225
166;CH-10090;T2209 E
166;CH-155PL;K4044
166;CH-191;T2040
166;CH-211A;T2007
166;CH-236APL;T2071
166;CH-238;T2042
166;CH-269PL;K4070
166;CH-2801 ;T2034
166;CH-2927;T2103
166;CH-2930;T2101
166;CH-2962;T2149
166;CH-2963;T2105
166;CH-2989;T2104
166;CH-330PL;T2087
166;CH-331;T2032
166;CH-331PL;K4024
166;CH-337PL;T2145
166;CH-33APL;K4074
166;CH-33APL;K4001
166;CH-33PL;T2003
166;CH-4536;T2152
166;CH-5261;T2034
166;CH-5262;T2017
166;CH-5640;T2200
166;CH-5897;Z5147
166;CH-5993;T2187
166;CH-6PL;T2010
166;CH-803APL;K4053
166;CH-804PL;T2166
166;CH-813PL;T2113
166;CH-820;T2093
166;CH-834PL;T2035
166;CH-844-PLA;T2018
166;CH-847;T2138
166;CH-850PL;T2025
166;CH-8530;T2195
166;CH-8751;T2216E
166;CH-884-PLA;T2018
166;CH-915PL;T2115
166;CH-9305;T2204
166;CH-9389;T2217E
166;CH-9443;T2218E
166;CH-9461;T2226
166;CH-9463;T2226
166;CH-946PL;T2106
166;CH-9580;T2199
166;CH-962PL;T2098
166;CH-965;T2045
166;CH-9653;T22193E
166;CH-995PL;T2117
166;CH-9973;T2207E
166;CS-3504;Z5098
166;CS-3558;Z5097
166;EH-811;K4035
166;G-2;Z5105
166;G-6;Z5107
166;HPH-6349A;H2198
166;K-3926;P5142
166;P-1103A;P5050
166;P-1104;P5054
166;P-1109;P5080
166;P-1110;P5124
166;P-1119;P5023
166;P-1130;Z5048
166;P-1146;P5051
166;P-1147/A;P5052
166;P-1150;P5043
166;P-1653 A;K4037
166;P-2808;H2074
166;P-2835;H2122
166;P-3340;H2185
166;P-3376;P5060
166;P-3401;P5036
166;P-3431;P5079
166;P-3522;P5074
166;P-3555A;H2027
166;P-3594;P5063
166;P-3595;P5064
166;P-3627;P5078
166;P-3726;P5113
166;P-3961;K4015
166;P-4102;P5073
166;P-4105;P5021
166;P-4159;P5120
166;P-4182;P5073
166;P-4183;P5136
166;P-4183;P5177
166;P-4549A;P5163
166;P-4637A;K4027
166;P-4836;P5164
166;P-5138;P5114
166;P-5158;K4066
166;P-5162;P5201
166;P-5163;P5084
166;P-5173;P5160
166;P-5328;P5165
166;P-5457;P5121
166;P-5469;K4027
166;P-5614;P5151
166;P-5694;P5153
166;P-5797;P5143
166;P-8043;P5136
166;P-8264;P5119
166;P-8935;P5197
166;P-8943;P5155
166;P-9436;P5198
166;P-9454;P5176
166;P-967;H2073
166;P-9903;P5169
166;PA-3908;W6007
166;PA-4419;J3277
166;PA-7057;K4063
166;PF-8187;TF8007
166;PFA-5693;WA61000
166;PFA-9596;WA62000
166;PG-25A;P5128
166;PH-10267;H2037
166;PH-13;H2057
166;PH-20;H2028
166;PH-2801B;H2021
166;PH-2809/A;H2085
166;PH-2811;H2048
166;PH-2821;H2013
166;PH-2821C;H2069
166;PH-2824;H2001
166;PH-2825;H2085
166;PH-2825;H2162
166;PH-2825;H2110
166;PH-2830;H2123
166;PH-2842;H2088
166;PH-2843/1;H2075
166;PH-2846;H2118
166;PH-2849;H2081
166;PH-2849;H2182
166;PH-2852;H2021
166;PH-2859;H2019
166;PH-2862C;H2058
166;PH-2864;H2053
166;PH-2864A;H2056
166;PH-2870/A;H2085
166;PH-2870A;H2086
166;PH-2871 ;H2095
166;PH-2883;H2002
166;PH-2895A;H2131
166;PH-2897;H2081
166;PH-2897B;H2081
166;PH-2898;H2055
166;PH-2918;H2112
166;PH-2951;H2169
166;PH-2954;H2135
166;PH-2956;H2075
166;PH-2960;H2022
166;PH-2966;H2026
166;PH-2981;H2090
166;PH-3335;H2044
166;PH-3375;H2047
166;PH-3426;H2049
166;PH-3519;H2046
166;PH-3562;H2125
166;PH-3567;K4028
166;PH-3592;H2155
166;PH-3593A;H2095
166;PH-3593A;H2161
166;PH-36;K4023
166;PH-3612;H2170
166;PH-3614;H2063
166;PH-3614;H2205
166;PH-3773;H2031
166;PH-3807A;H2091
166;PH-3900;H2167
166;PH-3976;H2168
166;PH-3980;H2059
166;PH-43;H2085
166;PH-4467;H2012
166;PH-4469;K4021
166;PH-4479;H2078
166;PH-4482;H2076
166;PH-4510;H2037
166;PH-4546;H2128
166;PH-4551;K4018
166;PH-4551;K4018
166;PH-4553;H2126
166;PH-4558;H2183
166;PH-47;H2030
166;PH-4701 ;H2159
166;PH-4703;H2119
166;PH-4713;H2063
166;PH-4722;H2159
166;PH-4731;H2077
166;PH-4847A;H2012D
166;PH-4879;K4036
166;PH-4887;H2120
166;PH-49;H2033
166;PH-4908;H2114
166;PH-4952;H2116
166;PH-4963;H2038
166;PH-4967;H2146
166;PH-4990 A;H2076
166;PH-5103;H2196D
166;PH-5190;H2111
166;PH-52;H2009
166;PH-5203;H2094
166;PH-5317;H2155
166;PH-5343;H2011
166;PH-5375;H2083
166;PH-5511;H2157
166;PH-5529;H2136
166;PH-5548;H2190
166;PH-5754;H2183
166;PH-5796;H2127
166;PH-5885;H2188
166;PH-5934;H2221
166;PH-5949;H2201
166;PH-6355;H2014
166;PH-6357;H2151
166;PH-6607;H2039
166;PH-7136;H2089
166;PH-8026;H2070
166;PH-8476;H2192
166;PH-8798;K4084
166;PH-8944;H2196
166;PH-8B;H2011
166;PH-8E;H2069
166;PH-9;H2068
166;PH-9453;H2212
166;PH-9503;H2206
166;PH-9637;H2037
166;PH-9748;H2186
166;PH-977;H2015
166;PR-3304;W6006
166;PR-3414;W6006
166;PR-3909;W6007
166;PS-10037;P5215
166;PS-4886;P5112
166;PS-4922;P5114
166;PS-5896;P5200
166;PS-7171;P5179
166;PS-9029;P5161
8;1318563;Z2202E
8;1019471;J3250
8;1655556;P5164
8;1901604;H2107
8;1930605;J3494
8;2S6R9155AID;P5205
8;6180522;J3394
8;6610580;J3362
8;6920749;J3250
8;1665410/93BB9601AB;J3378
8;7255558;P5166
8;785F6714AA3A;H2037
8;81 DR-6714-13;H2068
8;81TR-6744-A;T2010
8;82DR-9601 -B;J3184
8;83BU-6714-A;H2085
8;84BR9601A;J3187
8;84BR-9601-B;J3187
8;84DR-6714-A;H2068
8;84HF9601AA;J3186
8;84TR-6734-A;T2010
8;85TR-6714-B;H2068
8;861313-9601-A;J3186
8;86AU-9601-A;J3188
8;86DR-9601 -A;J3184
8;89FF-6714-A2C;H2198
8;91 FF-9601 -AA;J3394
8;914F6714AA/6203126;H2126
8;91TU-913500-AA;J3031
8;91TU-9601-AA;J3197
8;1901-70/73/68/75/85;P5205
8;92VI3-9601-HA;J3362
8;1930590;J3521R
8;94FF9601AA;J3250
8;97KB9601BA;J3369
8;A/FD144020;K4027
8;BAE2A29601-B;J3184
8;BF5T-9155-AB;P5036
8;BF9T-9R 500AA;J3464
8;BM-6731 -BA;H2167
8;BG1X96011AA;J3582R
8;C-5TZ-3C602;K4054
8;C-9ZZ-9601-A;J3184
8;D6NNB-486A;K4027
8;D8NNB486DA;K4027
8;R/FL/35;H2198
8;ELP-3734 9642212080;J3495
8;E7HZ9601B/TJG129-620;J3296
8;ED84BR-9601 -A;J3187
8;EFA-18/91FF9601AA;J3381
8;EFA-580/R-FA-19;J3382
8;EFA-9/92VB9601HA;J3362
8;EFL 500;H2063
8;EFL-125;H2026
8;EONN3K758AA;K4085
8;F57X9601/A;J3418
8;FA1043/1H0129620;J3118
8;FA-1046/E7TE9601AC;J3177
8;FA1099;J3209
8;FL149/C1TZ 6731-D;T2087
8;FL-90/C1TZ6731-B;T2010
8;L84HF9601-AA;J3186
8;RFA-5;J3190
8;RFL23;H2088
8;TEG129620;J3319
8;TEG-129620-A;J3320
8;TJG-129620;J3296
8;TJG129620A;J3297
8;TN4-127177-A;P5136
8;TNL12962ORA;J3164
8;TRA-115561;H2168
8;X99R/9601/A;J3454
167;30007;K4070
167;55759;T2003
167;557032;Z5062
167;2477901;J3317
167;2526831;K4086
167;3312307;T2100
167;5573014;K4074
167;5574979;Z5031
167;5574980;Z5030
167;5575032;Z5058
167;5575032;Z5029
167;5575032;Z5053
167;6420401;J3325
167;6423136;J3299
167;6487015;J3116
167;6487816;J3027
167;6488354;J3311
167;8994740;J3003
167;8994770;J3004
167;8997189;J3222
167;9034222;J3095
167;9058018;K4001
167;9117321;T2187
167;23530641;P5063
167;25010959;P5064
167;25011011;P5063
167;25042588;J3370
167;90499582;J3423
167;90842912;Z5147
167;93247344;J3370
167;360628321;J3306
167;1012006M1;Z5069
167;1-457-431-558;Z5057
167;25010776/6438839;P5051
167;25010924/25011024;P5066
167;25011026/25011018;P5065
167;25014342/6438840;P5052
167;250394/250938;Z5027
167;254503/74056633;Z5028
167;6487043 / 6487044;J3008
167;834240/834581;J3176
167;9058018/AC PF-951;K4001
167;AC PF951;K4010
167;C-361700;J3116
168;834293;J3379
168;2794128;H2057
168;25010495;H2047
168;25011106;H2170
168;25040929;J3581
168;25042558;J3370
168;25048459;J3372
168;25098463;J3372
168;90469336;J3383
168;90499601;J3423
168;905410500106;P5192
168;905411880018;H2206
168;9129747;J3497
168;93186856;T2207E
168;93276069;J3508R
168;96536696;J3697(PA)
168;96536697;J3697(PA)
168;894156052;J3403
168;8972231870;T2204
168;94632619;H2159
168;96570765;H2148
168;25010908/25012760;H2059
168;7333162/25010792;H2058
168;AC-HC-223/25010643;K4012
168;GM-650401;H2159
169;328-1038/870P210A;K4062
9;15400;H2090
9;15241-32092;H2091
9;17220PWC000;J3681(PA)
9;17220PWA003;J3681(PA)
9;17220PWAJ10;J3682(PA)
9;17220RB6Z00;J3683(PA)
170;239418;K4049
170;239421;K4050
170;2241034;J3232
10;894430250;J3467
10;26300-02500;H2188
10;26300-42010;H2014
10;26316-41000;H2077
10;28130-5H000;J3466
10;28130-5H001DMF;J3550
10;28130-5A500;J3668
10;28130-44000;J3356
10;28130-45000;J3175
10;28130-45010;J3175
10;28130-45020;J3373
10;31945-41001;P5134
10;3903-640;P5073
10;3903-410;P5036
10;3908-616;H2167
10;E211-2103;J3012
10;E211-2104;J3012
10;E.131.0212-A;K4114
10;E-403200;J3607
10;32B40.00100;H2124
10;3.436.200.101;P5085
10;31E9-0126-A;H2046
10;31E91019;K4117
10;31E3-0018-A;K4107
10;11.EM-21041;J3012
10;11.EM-21051;J3013
10;11NB-70010;H2213
10;11LB-20310;P5161
10;HH11EM21041;J3585(CD)
10;HH11EM21051;J3586
10;HHE11N6-24520-A;J3585(CD)
10;HHI11N6-24530;J3586
10;XJAF-00718;H2124
171;35251040;K4071
171;35300375;J3289
55;5576200;K4010
55;104428/268462R91;T2145
55;11-3871/1811953C1;H2089
55;1140079C1;K4126
55;133736C1;K4102
55;138627/255622;P5140
55;1804442-C1;H2050
55;1804459C1;P5045
55;672603-C2;P5139
55;684206-C2;H2049
55;71180;T2209E
55;71185;H2223
55;72121;P5169
55;932390-C1;J3288
55;932391-C1;J3287
55;IHC401268-R91;J3198
55;IHC401270-R91;J3197
55;L-72136;P5191
11;94430983;H2094
11;8943349060;J3185
11;8944195320;P5160
11;8970442260;J3204
11;8970442261;J3417
11;16403-Z7000;P5078
11;1-87810075-1;T2174
11;376364R91;T2093
11;5-132110180;H2077
11;8-94360427-1;H2111
11;897148270-0;H2221
11;9-88511194-2;T2175
56;10149;H2112
172;581-018-01;K4082
172;581/18063;K4089
84;3493878;J3014
84;1552143160;Z5172
84;AA-2092-R;T2029
84;AE-20574;J3063
84;AE-30218;J3065
84;AE-30507;J3066
84;AE-33293;K4023
84;AE-43494;K4090
84;AH-115833;J3502
84;AH-20488;J3017
84;AJ-10106;T2029
84;AJ-52400 ;H2028
84;AJ-54668;T2032
84;AJ-55127;J3056
84;AJ-55128;J3057
84;AJ-55130;J3077
84;AJ-55131;J3080
84;AJ-55131;J3078
84;AL-17255;J3067
84;AL-27158;J3060
84;AL-27159;J3076
84;AL-30394;J3225
84;AL-30395;J3226
84;AM-107423;H2146
84;AR-19846;J3014
84;AR-19847;J3014
84;AR-28610;Z5049
84;AR-344R;Z5049
84;AR-43271;H2030
84;AR-44744;J3263
84;AR-45097;P5050
84;AR-45784;J3012
84;AR-45785;J3068
84;AR-46481;J3331
84;AR-46481;J3331
84;AR-49840;J3082
84;AR-50041;Z5048
84;AR-51432;J3083
84;AR-53502;J3084
84;AR-54336;J3079
84;AR-61967;J3081
84;AR-70041;J3079
84;AR-70106;J3071
84;AR-70107;J3072
84;AR-71635;J3075
84;AR-75601;T2032
84;AR-75603;K4024
84;AR-79679;J3081
84;AR-79941;J3079
84;AR-79942;J3080
84;AR-84228;J3075
84;AR-94510;K4026
84;AR-95758;J3487
84;AR-95759;J3488
84;AR-98330;H2027
84;AT-120544;K4067
84;AT-15088T;T2029
84;AT-171853;J3520R
84;AT-171854;J3521R
84;AT-179323;K4101
84;AT-19852;J3016
84;AT-20541-T;P5050
84;AT-25055;K4026
84;AT-25219;J3061
84;AT-27823;J3059
84;AT-27827;J3064
84;AT-33363;J3060
84;AT-33364;J3061
84;AT-34786;K4026
84;AT-34895;J3058
84;AT-35155;J3058
84;AT-35270;K4008
84;AT-38431;K4023
84;AT-42067;K4067
84;AT-43870;J3059
84;AT-44378;J3029
84;AT-45811;K4029
84;AT-49021;J3070
84;AT-49022;J3069
84;AT-5240/7;K4055
84;AT-52401;K4029
84;AT-58368;K4028
84;AT-62042;K4031
84;AT-63557;K4025
84;AT-65088;J3331
84;AT-67957;K4096
84;D-924942;J3031
84;DQ-04466;J3031
84;DQ-04467;J3087
84;DQ-08521;J3040
84;DQ-08522;J3041
84;DQ-24056;TF8007
84;DQ-24057;TF8007
84;DQ-24941;J3087
84;DQ-43482;J3487
84;DQ-43483;J3629
84;DQ-46907;J3573
84;DQ-46908;J3574
84;DQ-59138;J3601R
84;DQ-59139;J3602R
84;J-52976;Z5020
84;PE-71011292;J3509R
84;PE-71011293;J3510R
84;PE-931140;K4094
84;RE17380;K4023
84;RE-44647;H2198
84;RE-45827;J3044
84;RE-45828;J3045
84;RE-45864;K4028
84;RE-519626;H2228
84;RE-57394;H2031
84;RE-59754;H2192
84;T-111383;Z5172
84;T-190447;K4055
84;T-19044T;H2028
84;T-52223;J3073
84;T-52224;J3074
173;0K24713Z40;J3425
173;0K71E-23-603;J3337
173;28113-4E000;J3667
173;31128BA;K4063
173;3ECO111630A;J3557
173;AM-825;J3135
173;K592 23603C;J3341
173;K62123570;P5113
173;K71E23 570;P5160
173;NK72C23603;J3440
173;NKCRO23802;H2004
173;OK6B0 23 603;J3578
86;4241611140;K4113
86;706351142;K4098
86;706301210;K4078
86;6610618113;W6006
86;3ECO111630;J3549
86;07063-01054;K4081
86;144-60-11160;K4083
86;15310-01000;H2004
86;154-60-12170;K4006
86;175-60-27380;K4043
86;1956016320;K4098
86;23150-01000;J3112
86;281-16/11290;K4041
86;600-181-2310;J3400
86;600- 181 6730;J3499
86;600-185-3110;J3671R
86;600-185-3120;J3672R
86;600-185-4110;J3610R
86;600-185-4120;J3611R
86;6110-73-6130;Z5058
86;6112-83-7620;J3091
86;6128-81-7320;J3094
86;6610-55-4400;T2041
86;6691-81-7210;J3092
86;M-2725;T2184
15;ERR.3340;H2048
15;ESR1445;J3387
15;ESR2623;J3356
15;GFE171;H2116
15;R07F11;H2116
15;GFE178;H2114
174;00-983-06-23;K4073
174;325469;K4088
60;2191P138427;J3491
60;3311624;J3207
60;483-GB 441;P5124
60;483-GB-218B;P5124
60;483-GB-444;P5080
60;483-GB-219A;P5080
60;483-GB-431/483-GB-440;P5079
60;485-GB-3191;H2033
16;88840;J3399
175;3183;Z5077
175;4178;Z5056
175;24444;J3101
175;32543;Z5071
175;1484054 M 2;K4120
175;C-11100;J3568R
175;C-1145/5;J3460
175;C-1159;J3136
175;C-1176/3;J3278
175;C-1184;J3239
175;C-1188;J3014
175;C-1241;J3300
175;C-1245;J3236
175;C-1281;J3002
175;C-1281;J3046
175;C-13100;J3180
175;C-13103/1;J3432
175;C-13109/1;J3254
175;C-13114/4;J3032
175;C-13114-7;J3192
175;C-13122;J3356
175;C-13149;J3548R
175;C-13153;T2007
175;C-13200;J3534
175;C-1357/1;J3248
175;C-1371;J3102
175;C-1372;J3192
175;C-1380;J3252
175;C-1380/1;J3352
175;C-1399;J3167
175;C-1399/2;J3113
175;C-14179;J3016
175;C-14179/2;J3356
175;C-14200;J3508R
175;C-1460;J3392
175;C-1468;J3030
175;C-1476;J3469
175;C-15127/1;J3339
175;C-15127/2;J3220
175;C-15165/3;J3034
175;C-15264;J3347R
175;C-15300;J3533R
175;C-1550;J3257
175;C-1560;J3464
175;C-1589/3;j3666
175;C-16113;J3280
175;C-16120;J3434
175;C-16127;J3204
175;C-16130;J3273
175;C-16136;J3214
175;C-16136/1;J3435
175;C-16166;J3417
175;C-16190;J3017
175;C-16218;J3028
175;C-16244;J3583R
175;C-16247/1;J3347R
175;C-16281;J3044(CD)
175;C-16302;J3291
175;C-16334;J3225
175;C-16400;J3569R
175;C-1699;J3185
175;C-17129;J3181
175;C-17201;J3643
175;C-17225/3;J3036
175;C-17232;J3454
175;C-1724;J3682(PA)
175;C-17278;J3342
175;C-17308;J3197
175;C-17337;J3691R
175;C-1760;J3340
175;C-18115;J3341
175;C-18121;J3255
175;C-18142;J3360
175;C-18180/1;J3199
175;C-18202;J3615R
175;C-1832/1;J3332
175;C-18360;J3601R
175;C-18450/1;J3511R
175;C-1858/1;J3474(PA)
175;C-19113;J3330
175;C-19157;J3008
175;C-19335;J3079
175;C-1944;J3506(PA)
175;C-1947/1;J3246
175;C-1989;J3275
175;C-20122;J3453
175;C-20131;J3125
175;C-20164;J3373
175;C-20168;J3377
175;C-20187;J3097
175;C-20187/1;J3104
175;C-20212/1;J3039
175;C-20215;J3051
175;C-20325;J3232
175;C-20325/2;J3087
175;C-20326;J3403
175;C-20457;J3517R
175;C-20500;J3512R
175;C-2056;J3250
175;C-21185;J3371
175;C-2120;J3155
175;C-21317;J3063
175;C-21367;J3058
175;C-21431;J3012
175;C-21470;J3582R
175;C-21493;J3319
175;C-2192/2;J3475(PA)
175;C-22181;J3337
175;C-22212;J3351
175;C-22267;J3408
175;C-22300;J3103
175;C-2256;J3176
175;C-2295;J3383
175;C-2295/2;J3664(PA)
175;C-2295/3;J3664(PA)
175;C-23107;J3540R
175;C-23121;J3406
175;C-23135;J3486
175;C-2324;J3697(PA)
175;C-23326;J3101
175;C-23440/1;J3040
175;C-2355;J3149
175;C-23610;J3537R
175;C-236315/1;J3023
175;C-24203;J3468
175;C-2428;J3271
175;C-2436;J3156
175;C-2436;J3154
175;C-24393;J3632
175;C-2440/1;J3318
175;C-24444;J3101
175;C-24516;J3015
175;C-24578;J3552R
175;C-24650/1;J3258
175;C-24650/2;J3260
175;C-24719;J3001
175;C-24725;J3081
175;C-2496;J3179
175;C-25100;J3397
175;C-25115;J3638(PA)
175;C-25117/2;J3479(PA)
175;C-25118/1;J3694(PA)
175;C-2512;J3638(PA)
175;C-2535/1;J3166
175;C-2538;J3638(PA)
175;C-2555/2;J3253
175;C-2573;J3382
175;C-2585;J3174
175;C-2599;J3395
175;C-26111;J3190
175;C-26126/3;J3518(PA)
175;C-26138/1;J3381
175;C-26168;J3450 (PA)
175;C-2639;J3133
175;C-2646;J3188
175;C-2663;J3324
175;C-2675/2;J3187
175;C-2677;J3382(PA))
175;C-2680;J3659
175;C-2683;J3687(PA)
175;C-271340;J3584R
175;C-27154/1;J3396
175;C-2771;J3431
175;C-2774;J3389(PA)
175;C-2776;J3438(PA)
175;C-27798;J3296
175;C-27830;J3535R
175;C-27844;J3409
175;C-27902;J3627R
175;C-2791;J3553R
175;C-28100;J3559(PA)
175;C-281012;J3655R
175;C-28136/1;J3161
175;C-28150;3404PA
175;C-2843/1;J3249
175;C-2843/1;J3178
175;C-2850;J3177
175;C-2852/2;J3276
175;C-2868;J3193
175;C-2874;J3390(PA)
175;C-2887;J3195
175;C-29108;J3393
175;C-29198;J3388
175;C-29352/1;J3024
175;C-2940 ;J3301
175;C-2953/1;J3186
175;C-29624/1;J3085
175;C-2973;J3355
175;C-2974;J3372
175;C-2982;J3369(PA)
175;C-2987;J3593(PA)
175;C-2991/2 ;J3379
175;C-29939;J3003
175;C-2998/5X;J3597(PA)
175;C-30130;J3445 (PA)
175;C-301359;J3673R
175;C-301622;J3635R
175;C-3032/1;J3515
175;C-3042/1;J3346
175;C-304-31;J3038
175;C-30703;J3348
175;C-3074;J3165
175;C-3082;J3301
175;C-3082;J3301
175;C-30850/2;J3182
175;C-3087;J3495(PA)
175;C-30880/1;J3259
175;C-30883;J3096
175;C-31101/1;J3202
175;C-311093/2;J3281
175;C-311226;J3095
175;C-311227;J3050
175;C-3167/1;J3447 (PA)
175;C-3173;J3328
175;C-3178;J3445 (PA)
175;C-32102;J3164
175;C-32120/1;J3362(PA)
175;C-32123/1;J3471(PA)
175;C-321420/2;J3688R
175;C-321752;J3614R
175;C-3224;J3230
175;C-32328/1;J3384
175;C-3251;J3448(PA)
175;C-3254;J3184
175;C-3277;J3130
175;C-33156;J3238(PA)
175;C-33156/1;J3386
175;C-331600/2;J3677
175;C-331840;J3398
175;C-3324;J3681(PA)
175;C-3338;J3189
175;C-34109;J3277
175;C-3485/1;J3560(PA)
175;C-35154;J3711(PA)
175;C-3577;J3173
175;C-361700;J3116
175;C-36240/1;J3025
175;C-36840/1;J3011
175;C-37001;J3713(PA)
175;C-37132;J3477(PA)
175;C-37153/1;J3437(PA)
175;C-371774;J3376
175;C-38163/1;J3444 (PA)
175;C-3875;J3507
175;C-3877/1;J3702(PA)
175;C-40107;J3378
175;C-4151;J3498(PA)
175;C-4292;J3663(PA)
175;C-43102;J3606(PA)
175;C-4371;J3663(PA)
175;C-60230;J3637(PA)
175;C-641500;J3634(PA)
175;C-934;J3368CD
175;CF-1000;J3031
175;CF-1020;J3080
175;CF-1200;J3041
175;CF-1230;J3082
175;CF-1300;J3114
175;CF-1310;J3320
175;CF-1400;J3297
175;CF-1520;J3536R
175;CF-1550;J3639R
175;CF-1560;J3464(PA)
175;CF-1600;J3183
175;CF-1610;J3349
175;CF-1710;J3674R
175;CF-1751;J3635R
175;CF-1800;J3712R
175;CF-200;J3571R
175;CF-300;J3556R
175;CF-360;J3602R
175;CF-400;J3570R
175;CF-500;J3527R
175;CF-600;J3033
175;CF-610;J3538R
175;CF-700;J3035
175;CF-800;J3037
175;CF-810;J3670(R)
175;CF-980;J3521R
175;H-1072/1;T2040
175;H-1038;T2035
175;H-1039/2;T2087
175;H-1039/2;T2010
175;H-1072/1;K4039
175;H-1074;K4044
175;H-1081;T2040
175;H-1164;T2104
175;H-12105;K4001
175;H-12105;T2003
175;H-12110/2;T2149
175;H-12111;T2103
175;H-1263;K4024
175;H-1263/1;T2032
175;H-1271;T2106
175;H-1275;T2105
175;H-1282 X;T2224
175;H-14106;K4058
175;H-1496;T2042
175;H-1497/1;K4005
175;H-601/4;K4053
175;H-614;T2099
175;H-68;K4017
175;H-718/1N;T2187
175;H-720;T2098
175;H-813/3;K4019
175;H-918/7;T2117
175;H-925/1;T2071
175;H-929;T2164
175;H-932/4;T2034
175;H-943/2;T2025
175;H-945/1;T2029
175;H-947/1;T2017
175;HU-611X;T2199
175;HU-612X;T2218E
175;HU-711/5;T2207E
175;HU-712/7X;T2227E
175;HU-716/2X;T2219E
175;HU-718/1X;T2220
175;HU-719/7X;T2226
175;HU-726/2;T2195
175;HU-820 X;T2204
175;HU-923 X;T2215E
175;HU-931/5 X;T2216E
175;HU-945/2X;T2217E
175;HU-951;T2200
175;P-1015;T2100
175;P-1234;Z5097
175;P-28;Z5031
175;P-707/6;Z5055
175;P-716;Z5133
175;P-716/1;Z5145
175;P-718/1X;Z5189E
175;P-722;Z5150
175;P-732;Z5147
175;P-78;Z5067
175;P-803;K4047
175;P-811;Z5038
175;P-815;T2018
175;P-824;Z5035
175;P-825/1;Z5029
175;P-825T;Z5028
175;P-826;T2072
175;P-915;T2130
175;P-916/4;Z5135
175;P-916/5;Z5111
175;P-917;Z5020
175;P-917/1;Z5040
175;P-917X;Z5069
175;P-921-2;Z5075
175;P-934;Z5059
175;P-939;Z5042
175;P-939/1;Z5117
175;P-945/2;Z5068
175;PF-1050/1N;T2152
175;PF-1055-1;T2101
175;PF-1155;T2100
175;PF-1190;T2102
175;PU-1018X;Z5202E
175;PU-1021X;Z5184E
175;PU-1046X;Z5194E
175;PU-723X;Z5207
175;PU-822X;Z5186E
175;PU-830X;Z5187E
175;PU-835 X;Z5193E
175;PU-922X;Z5185E
175;PU-999/1X;Z5196
175;TA-13;J3158
175;TA-27;J3163
175;TA-38;J3150
175;TA-45;J3178
175;TA-48;J3119
175;TA-62;J3145
175;TA-69;J3148
175;TB-1374 X;WA61000
175;TB-1374/3X;WW62000
175;TC-07;Z5032
175;TC-08;Z5049
175;TC-10;Z5081
175;TC-66;Z5076
175;TH-07;T2166
175;TH-32;T2138
175;TH-33;T2139
175;TH-42;K4070
175;TH-74;T2115
175;TN-09;T2018
175;TN-31;T2024
175;W-11102;H2022
175;W-11102/18;H2033
175;W-1114/80;H2004
175;W-1126;H2075
175;W-1127/1;H2079
175;W-1135;H2186
175;W-1135/10;H2124
175;W-1140;H2012
175;W-1140/5;H2202
175;W-1142/1;H2012
175;W-1150/2;K4021
175;W-1168/5;H2089
175;W-1170;H2002
175;W-1170/7;H2196
175;W-1173;H2033
175;W-12106;H2047
175;W-1254;H2031
175;W-1290/1;K4015
175;W-13145/2;H2044
175;W-1323;H2206
175;W-1374/2;K4066
175;W-610/3;H2155
175;W-66;H2039
175;W-67/80;H2039
175;W-68/80;H2065
175;W-711/80;H2205
175;W-712/1 ;H2026
175;W-712/12;H2058
175;W-712/21;H2063
175;W-712/22;H2159
175;W-712/27;H2076
175;W-712/39;H2190
175;W-712/5;H2063
175;W-712/5;H2135
175;W-712/52;H2190
175;W-712/55;H2169
175;W-712/8;H2119
175;W-712/9;H2053
175;W-713/16;H2183
175;W-719/11;H2055
175;W-719/27;H2223
175;W-719/30;H2085
175;W-719/4;H2085
175;W-719/5;H2086
175;W-719/9;H2155
175;W-719/9;H2081
175;W-724/4;H2081
175;W-75/3;H2127
175;W-79;H2178
175;W-79G;H2157
175;W-8005;H2001
175;W-811/80;H2095
175;W-814/80 ;H2182
175;W815;H2119
175;W-815/80;H2095
175;W-818/4;H2162
175;W-818/4;H2110
175;W-818/6;H2182
175;W818/8;H2182
175;W818/8;H2161
175;W-818/9 ;H2095
175;W-821;H2131
175;W-910/1;H2123
175;W-910/1;H2078
175;W-914/13;H2119
175;W-914/3;H2125
175;W-914/7;H2118
175;W-914/9;H2056
175;W-918/1;H2019
175;W-920/1;H2161
175;W-920/15;H2173
175;W-920/21;H2068
175;W-920/21;H2048
175;W-920/25;H2120
175;W-920/32;H2126
175;W-920/34;H2094
175;W-920/6;H2090
175;W-920/7;H2048
175;W-921/4;H2114
175;W-925/A;H2013
175;W-927/1;H2068
175;W-930/14;K4084
175;W-932;H2083
175;W-934;H2069
175;W-936/4;H2028
175;W-936/6;H2057
175;W-940/1;H2011
175;W-940/18;H2088
175;W-940/23;H2069
175;W-940/34;H2167
175;W-940/62;H2037
175;W-940/8;H2037
175;W-950;H2112
175;W-950/12;K4080
175;W-950/18;H2168
175;W-950/26;H2212
175;W-950/35;H2179
175;W-950/7;H2015
175;W-950/8;K4027
175;W-962;H2021
175;W-962/15;K4018
175;WA-940/1;W6007
175;WA-956;W6004
175;WD-724/3;K4073
175;WD-940/2;K4037
175;WD-950/2;K4018
175;WDK-962/16;P5155
175;WK-1040 CP sin vaso;P5161
175;WK-1060/4;P5215
175;WK-11102/5;P5060
175;WK-1146;P5156
175;WK-1156;P5157
175;WK-1156/1;P5161CP
175;WK-1162;P5021
175;WK-42/1;Z5105
175;WK-712/2;P5132
175;WK-716;P5120
175;WK-719/3;P5074
175;WK-721/1;P5078
175;WK-723;P5121
175;WK-731;P5073
175;WK-758;P5144
175;WK-812;P5046
175;WK-814/1;P5120
175;WK-817/3X;P5163
175;WK-823/3;P5214
175;WK-836;P5191
175;WK-842/1;P5177
175;WK-842/18;P5198
175;WK-842/2 ;P5136
175;WK-842/4;P5165
175;WK-842/7;W6003
175;WK-845/3;P5166
175;WK-853/15;P5169
175;WK-853/22;P5191
175;WK-853/3 X;P5200
175;WK-853/7;P5197
175;WK-880;Z5199
175;WK-917;P5113
175;WK-920;P5114
175;WK-932;P5183
175;WK-939;P5205
175;WK-939/7;P5211
175;WK-939/8X;P5206
175;WK-940/12;P5143
175;WK-940/16;P5112
175;WK-940/19;P5181
175;WK-940/2;P5143
175;WK-940/35;P5192
175;WK-940/35;P5192
175;WK-940/5;P5181
175;WK-940/7;P5036
175;WK-940/11;P5112
175;WK-940/7;P5036
175;WK-950/12;P5051
175;WK-950/14;P5212
175;WK-950/19;P5203(CP)
175;WK-950/21;P5176
175;WK-950/3;P5054
175;WK-950/6;P5151
175;WK-950/6;P5151
175;WK-955/2;P5050
175;WK-962/19;P5043
175;WK-962/4;P5155
175;WK-962/7;P5153
175;WK-966/2;P5139
175;WP-1144;H2012D
175;WP-1169;H2196D
175;WP-12300;H2198
175;WP-1240;H2221
175;WP-713;H2073
175;WP-920/80;H2111
175;WP-928/80;H2080
175;WP-928/81;H2014
175;WP-928/81;H2014
175;WP-931;H2074
175;WP-931/1;H2122
175;WP-962/3;P5140
175;WW-1167/2;H2107
115;177130;J3522
115;177178;J3523
115;563415;J3514R
115;563416;J3513R
93;309112;K4034
93;992221;K4034
93;3466388;J3322
93;836015106;Z5020
93;836647133;H2186
93;9451082121;K4128E
93;9451085013;K4128E
93;020493R1;K4028
93;022186R1;J3087
93;022187R1;J3031
93;034391T1;K4015
93;036530R1;TF8007
93;040879R1;W6003
93;040880T1;P5136
93;042285R1;K4028
93;054708R1;J3670(R)
93;055119 R 1;J3533R
93;055120R1;J3556R
93;055124R1;J3569R
93;055125R1;J3570R
93;055129R1;J3512R
93;055130-R1;J3527R
93;055134 R 1;J3537R
93;055135 R 1;J3538R
93;108262M1;H2085
93;1093683M91;J3292
93;1447048M1;H2013
93;1447082M1;H2085
93;1484054M2;K4058 o K4120
93;148647M91;K4035
93;1896287M91;Z5135
93;1896287M91;Z5068
93;2127378K1;J3548R
93;2127379K1;J3567R
93;2128047K1;J3509R
93;2128048K1;J3510R
93;27010806M91;Z5068
93;2710804M1;J3034
93;2710805M1;J3035
93;2710806M91;Z5117
93;3218794-R91;P5074
93;3319-720 M 91;K4111
93;3468368M91;J3322
93;3595500M1;J3199
93;3595501M1;J3200
93;3615949M3;K4127
93;3901477M1;J3512R
93;3901478M1;J3527R
93;3905864M91;P5136
93;3905865M1;P5136
93;501771D1;K4023
93;6223537M1;K4131
93;6223614M1;J3511R
93;6223615M1;J3644R
93;6223618M1;J3601R
93;6223619M1;J3602R
93;9003941M1;H2015
93;9003942M1;Z5020
93;9005281M1;K4073
93;900-7871M1;K4092
93;9010163M1;K4066
93;980917M1;K4014
93;982276M91;K4016
17;16546-2S-600;J3391
17;B6Y1-14302;H2039
17;D27Z-6731-A;H2081
17;JEYO14302;H2155
17;PNY214302;H2111
17;S21323570;P5113
17;SL02-23-802;H2124
17;SL51-14-V61;H2079
17;SLA2-13-Z40;J3152
138;49504;J3679R
138;49505;J3680R
18;920501;P5120
18;921505;Z5055 
18;922305;Z5055 
18;922705;Z5055 
18;929001;P5120
18;929501;P5120
18;1800009;T2098
18;1800109;T2100
18;1844125;T2224
18;1845825;T2100
18;1846725;T2102
18;1847825;T2100
18;1848525;T2130
18;2165038;J3034
18;2165044;J3036
18;3846494;T2100
18;4300669;WA61000
18;4660604;K4053
18;4700192;Z5055 
18;4773115;Z5038
18;4773215;Z5038
18;4773515;Z5055 
18;4773815;Z5055 
18;4774015;Z5038
18;4774215;Z5055 
18;4774515;Z5038
18;4774715;Z5055 
18;4775315;Z5055 
18;4776415;Z5055 
18;5572425;T2102
18;6644988;J3031
18;10920401;P5120
18;10920501;P5120
18;10922201;P5163
18;10922201;T2200
18;10922301;P5120
18;10922302;P5120
18;10922401;P5120
18;10922501;P5120
18;10924204;J3087
18;10944504;J3032
18;10945204;J3087
18;10947904;J3258
18;11843925;T2103
18;11844425;T2034
18;11845625;T2104
18;16195441;J3035
18;20940004;J3087
18;20943404;J3034
18;20946004;J3036
18;20949304;J3637(PA)
18;30949004;J3634(PA)
18;31843301;H2089
18;40941104;J3634(PA)
18;80943102;J3032
18;3431847325;T2106
18;3450947304;J3040
18;3544700192;Z5038
18;3554700092;Z5038
18;3661800310;T2017
18;3661840125;T2017
18;3760948104;J3409
18;3760948204;J3627R
18;3860947304;J3258
18;3880947004;J3182
18;4011800009;T2105
18;4011840025;T2105
18;4021800009;T2149
18;4031840025;T2149
18;5410900051;Z5196
18;6010940404;J3518(PA)
18;6011800109;T2152
18;6011840025;T2152
18;6110920101;P5198
18;6161800009;T2101
18;8690940020;J3182
18;37409047104;J3517R
18;000 1800609;T2164
18;000-1801709;T2217E
18;003-0943904;J3220
18;003-0947004;J3398
18;15241-32092;H2095
18;17-184-0125;T2101
18;219-517-6470;J3258
18;3132015R92;Z5038
18;3401 8471 25;T2100
18;3661 800009;T2017
18;3661 840225;T2034
18;4011 840025;T2105
18;5132432-0;P5112
18;A 376 094 8104;J3409
18;A-0000901551;Z5194
18;A-0001801609;T2216E
18;A0030947504;J3384
18;A-1121840025;T2187
18;A3760927201KZ;P5156
18;A-3760927301;P5162
18;A-3760927301;P5179
18;A-4760927201;P5161
18;A4760927201KZ;P5157
18;A6900947004;J3384
18;A9585280206;J3655R
18;MB102 1840101;H2086
18;MB220900;P5112
20;2791707;J3548R
20;3446200300;P5213
20;9136113300;J3500
20;32A4000100;H2197
20;MD069782;H2014
20;MD-135737;H2155
20;MD360935;H2155
20;MD-603446;J3016
20;ME014833;H2077
20;MT-421158;J3215
176;5L55 9601-AA;J3583R
176;5L55/9601/AA;J3583R
176;97VB 9601 AA;J3007
176;BF6T-9601-AA;J3197
176;BF9T-9R500-AA;J3464
176;EFA 184;J3559(PA)
176;E-FA-15;J3378
176;E-FA-22;J3412
176;E-FA-299;J3186
176;EFG-316;P5166
176;E-FL-344;H2076
176;E-FL-344;H2076
176;E-FL-386;H2126
176;EFL-600;H2026
176;F1AZ6731BD;H2222
176;FA-1046;J3177
176;FA-1641;J3418
176;FA-1665/1;J3406
176;FG-77;Z5035
176;FL-1;H2011
176;FL-1 44;T2130
176;FL-1 46-M;T2102
176;FL-1 73;H2068
176;FL-147;T2087
176;FL-157;Z5020
176;FL-20;T2010
176;FL-23;T2071
176;FL-3;H2122
176;FL-7;H2057
176;FL-784;H2050
176;FL-820-F;H2222
176;R/F/G 90;P5169
176;R/F/G/81;P5036
176;R/F/G/82;P5073
176;R/FA/25/;J3296
176;R/FA/44;J3582R
176;R/FG/36;H2168
176;R/FG/85;P5197
176;RE/FA/600;J3438
176;RE-FA-18;J3394
176;RFA/30;J3465
176;R-FA-1;J3184
176;R-FA-18;J3250
176;R-FA-3;J3187
176;RFA38;J3535R
176;R-FA-4;J3189
176;RFA40;J3536R
176;R-FA-5;J3190
176;R-FA-6-A;J3031
176;R-FA-6-B;J3197
176;RFG/92;P5191
176;R-FG-59;Z5035
176;R-FG-73;Z5077
176;R-FG-75;Z5020
176;R-FL 44;T2209E
176;R-FL-11;H2011
176;R-FL-127;T2166
176;R-FL-1300;H2123
176;R-FL-133;T2035
176;R-FL-15;H2053
176;R-FL-16Y;H2118
176;R-FL-17;T2117
176;R-FL-18;H2085
176;R-FL-199;H2013
176;R-FL-2;K4034
176;R-FL-200;H2076
176;R-FL-23;H2088
176;R-FL-24;H2021
176;R-FL-258;T2072
176;R-FL-31;H2048
176;R-FL-33;H2126
176;R-FL-344;H2076
176;R-FL-35;H2198
176;R-FL-37;H2167
176;R-FL-38;H2063
176;R-FL-3-C;H2011
176;R-FL-4;H2075
176;R-FL-5;H2073
176;R-FL-9;H2095
176;TEG129620;J3319
176;TJG129620 A;J3296
177;17033635;K4025
178;9-0541-18-80009;H2088
100;1930587;J3509R
100;1930588;J3510R
100;1930589;J3520R
100;1930590;J3521R
100;1930605;J3494
100;9576153;J3036
100;9576154;J3037
100;9672301;W6007
100;9971303;J3509R
100;71101552;H2213
100;71101919;P5036
100;71102624;P5176
100;71102625;J3623R
100;71102626;J3622R
100;71104193;P5073
100;71104208;J3041
100;71104209;J3040
100;73402522;K4028
100;75327640;Z5082
100;82005607;J3710
100;82008606;J3709
100;84171692;P5177
100;84228498;H2212
100;84465096;H2198
100;84995782;J3114
100;84995783;J3258
100;85817004;K4055
100;87344135;J3601R
100;87344136;J3602R
100;87682989;J3520R
100;87682999;J3521R
100;87803187;P5210C/P
100;87803197;P5176
100;87803260;H2212
100;6740358096;K4055
100;1930581-1;P5170
100;CNH73400578;J3709
100;CNH73400579;J3710
61;408480;J3227
61;8997890;J3228
61;71102625;J3623R
61;71102626;J3622R
61;1527490225;T2203
61;1644497001;Z5171
61;15208-34G00;H2069
61;15208-FF400;H2069
61;15208-Z9001;H2062
61;16403-5E00;P5114
61;16405-01770;P5201
61;16405-02N10;P5084
61;165405H10;J3492
61;16546 ED300;J3658(PPA)
61;1654605H10;J3492
61;16546-0F000;J3432
61;16546-25600;J3419
61;16546-50100;J3324
61;16546-51760;J3350
61;165466 S 300;J3533R
61;16546-7 F002;J3469
61;16546-96071;J3073
61;16546-99503;J3074
61;16546EB70A;J3706(PA)
61;KEY1V00002;H2048
61;KEY3V00001;P5169
61;KEY3V00003;P5114
61;P9Y23;J3701
140;3183;Z5077
140;4002;Z5020
140;4060;Z5020
140;4060;Z5020
140;4115;H2013
140;4125;H2015
140;4178;Z5056
140;4178;Z5056
140;4201;J3036
140;4254;J3184
140;4269;J3195
140;4273;H2114
140;4283;P5136
140;30242;Z5035
140;31938;Z5069
140;32327;Z5035
140;32543;Z5071
140;32599;T2035
140;35289;T2113
140;252247;T2113
140;901046;J3665R
140;2236054;T2035
22;7904;J3230
22;144408;J3238
22;144410;J3121
22;144486;J3328
22;144488;J3238
22;190619;Z5133
22;190648;Z5184E
22;190650;Z5185E
22;190676;Z5187E
22;1109050;T2117
22;1109102;T2115
22;1109131;H2118
22;1109132;H2118
22;1109510;H2119
22;4035556;H2009
22;95618786;J3238
22;854975700;Z5067
22;1310636080;J3654
22;9401444108;J3121
22;9418003832;J3192
22;9650188880;J3563(PA)
22;1109-02;T2115
22;1109-04;T2117
22;1109-05;T2117
22;1109-06;T2115
22;1109-10;T2115
22;1109-16;H2118
22;1109-171;H2118
22;1109-18;H2118
22;1109-19;H2118
22;1109-21;H2118
22;1109-22;H2121
22;1109-23;H2118
22;1109-29;H2121
22;1109-30;H2118
22;1109-33;H2118
22;1109-35;H2118
22;1109-38;H2121
22;1109-39;H2121
22;1109-43;H2118
22;1109-45;H2121
22;1109-51;H2119
22;1109-52;H2081
22;1109-620;H2081
22;1144-84;J3340
22;1145-89;J3340
22;1444-2;J3030
22;14444FP;J3678(PA)
22;1444-84;J3340
22;1444-860;J3328
22;1444CY;J3563(PA)
22;1444EJ ;J3563(PA)
22;1444FE;J3663(PA)
22;1444FJ;J3479(PA)
22;1444-G90;J3430
22;1444-H00;J3429
22;1444PX;J3694(PA)
22;1444SN;J3684(PA)
22;1445-08;J3238
22;1445-580;J3236
22;1445-63;J3234
22;1445-68;J3234
22;1445-75;J3235
22;1445-750;J3235
22;1445-940;J3236
22;1612-58;Z5067
22;1906-02;Z5067
22;1906-08;Z5020
22;1906-29;Z5133
22;1906-89;Z2202E
22;A-596-1310636080;J3342
24;201615;H2122
24;524761;W6006
24;1930010;P5073
24;2069558;H2011
24;2092116;T2130
24;3842864;T2130
24;68127177;P5073
24;74512207;H2122
24;94001516;J3155
24;101807400;H2123
24;224855500;H2011
24;225241211;H2188
24;225241229;J3474( PA)
24;770102841;J3428
24;770857336;J3113
24;5010039162;J3491
24;5010317187;J3712R
24;5010317300;J3605(PA)
24;5010550600;H2033
24;7700050840;J3525R
24;7700050841;J3526R
24;7700106067;H2012/D
24;7700272982;H2127
24;7700711477;J3442 (PA)
24;7700860823;H2012
24;7700860823;H2012
24;7700863124;H2188
24;7700863124;H2188
24;7700865981;H2083
24;7701028181;Z5068
24;7701033176;Z5067
24;7701034705;J3280
24;7701034872;J3336
24;7701036270;J3346
24;7701037111;J3380
24;7701037174;J3007
24;7701039857;J3460
24;7701040285;J3361
24;7701044101;J3431
24;7701044595;J3439
24;7701044913;Z5149
24;7701047285;J3448 (PA)
24;7701047285;J3448
24;7701047417;J3593(PA)
24;7701059409;J3598(PA)
24;7701061576;P5206
24;7701064439;J3598(PA)
24;7701069212;J3659
24;7701206119;Z5186
24;7701206705;T2199
24;7702023216;J3248
24;7702052999;H2123
24;7702057230;Z5107
24;7702057347;H2123
24;7702057763;J3178 o J3249
24;7702070200;H2123
24;7702073138;J3252
24;7702073147;Z5107
24;7702073777;H2120
24;7702080610;J3253
24;7702080768;H2128
24;7702080861;H2125
24;7702086327;H2083
24;7702086951;J3253
24;7702088888;H2128
24;7702089300;H2083
24;7702089345;J3252
24;7702089347;J3178 o J3249
24;7702089404;J3254
24;7702089413;J3253
24;7702089522;H2125
24;7702206563;J3254
24;7702206793;J3257
24;7702217042;J3257
24;7702217191;J3237
24;7702217239;J3255
24;7702217250;H2157
24;7702217842;J3280
24;7702220635;H2157
24;8200023480;J3507
24;8200104272;J3505
24;8200108203;H2127
24;8200151379;P5206
24;8200371661;J3638
24;8200458337;P5211
24;8200820859;J3638(PA)
24;13721715881;J3007
24;397813-6470;J3349
39;GFE1141;J3389
39;GFE-171;H2116
39;GFE2254;J3390
179;OE-42873;P5154
63;1730757;J3673R
63;173171;H2048
63;1377201;J3674R
63;1384549;WA62000
63;1455253;WA62000
63;219517;J3258
63;395773;J3348
63;1117285;H2033
63;1347726;H2033
63;1301696;K4084
63;1372444;P5143
63;1675795;Z5097
63;1872151;J3673R
63;1872153;J3674R
63;197446201;J3260
63;261-185-6470;J3259
180;71010;J3303
180;71011;J3302
180;90-6443-T1;J3343
180;90-6444-T1;J3344
42;88087-4110;H2085
148;40899;J3251
148;43634;H2030
148;1224813;J3251
148;84040215000;J3595
148;84040315000;J3595
25;16510-60B01;H2148
25;16510-83012;H2169
25;1651006B00/01;M7014
25;7893390202061;J3506(PA)
104;9031711;J3295
104;9052907;J3294
104;9035428;J3051
104;9035429;J3050
143;119098;P5138
143;113746;H2185
143;113854;P5137
143;115703;H2185
27;2654403;H2069
27;17801-0C010;J3540R
27;1780154170;J3411
27;15601-33020;H2110
27;17741U210071;J3548R
27;177412360071;J3565R
27;177442360071;J3566R
27;17801-02040;J3202
27;17801-22020;J3657(PA)
27;17801-27020;J3656(PA)
27;17801-45020;J3572
27;17801-62010;J3531
27;17801-67060;J3408
27;17801-68020;J3486
27;17801-3150;J3273
27;17801-48011;J3125
27;17801-54080;J3273
27;17801-54090;J3351
27;17801-58010;J3125
27;17801-61030;J3486
27;17801-67070;J3468
27;17801-75010;J3338
27;23303-54031;P5078
27;1132400400;P5114
27;23303-64010;P5114
27;90915-20003;H2205
27;90915-03001;H2146
27;90915-03003;H2151
27;90915-3002;H2151
27;90915-TB001;H2205
27;90915-YZZC3;H2146
27;0986AF2180;Z5193E
107;302501;K4051
107;433800;K4019
107;30250100;K4051
107;30606000;K4080
107;80061900;J3034
107;80634900;K4080
107;836436346;H2189
107;836647133;H2186
107;7836136342;K4080
107;56240053241;K4091
107;56250254101;K4051
109;81248200;Z5135 o Z5068
109;82642100;J3569R
109;82642100;J3569R
109;82646000;J3670R
109;82649500;J3040
109;82649600;J3041
109;836015106;Z5020
43;11026934-7;K4105
43;11110023;J3590R
43;20544738;J3584R
43;423135;H2112
43;466634;H2033
43;463535;J3128
43;471034;H2064
43;6888848;J3376
43;6888857;J3377
43;1542743/1660619;J3281
43;MF-146-A;K4077
28;250806;J3278
28;1172346;H2086
28;45115466;T2226
28;58133843;J3450
28;69129620;J3277
28;71115562;T2226
28;71301227;H2068
28;74115562;T2195
28;74129620;J3388
28;377129620;J3393
28;905411510023;P5208
28;026-133837 A/026-133837 B;J3277
28;027-129620;J3190
28;027-129620-1;J3190
28;029-115561-1;H2123
28;030 115 561.T;H2190
28;032/129620/B;J3597(PA)
28;034-115561 -A;H2085
28;034-133837;J3277
28;035-133843;J3277
28;044129620MHO;J3519
28;049-115561;H2085
28;049-115561/2;H2085
28;056-115561/1;H2085
28;056-129620;J3276
28;068-129401-1;P5073
28;069-129620;J3277
28;06A-115561B;H2085
28;07K129620;J3609PA
28;11-0-129620-A;J3161
28;1K0129620D;J3711(PA)
28;1LO129620C;J3161
28;2H012960A;J3693(PA)
28;2R0127177;TF8006
28;2R0127177 ;P5212 CP)
28;2R0127177A;P5208
28;2R0127177C Reempl S/V;P5161(CP)
28;305-129619-1;J3278
28;520 129 620;J3664(PA)
28;6K0/129620/B/;J3477(PA)
28;A.M.8953002184;J3416
28;IJ0129620;J3437 (PA)
28;RGG-127177;P5073
28;RTA-115561;H2085
28;S4039 / 6354129;P5136
28;ZBA-261175/ZBA-261275;Z5107
145;95032546;K4088
145;325469;K4088
116;PN-778000-201;P5112
116;PN-778000-204;H2070
116;70954 N;J3543R
116;505966578;K4034
116;901095857;H2197
116;150023100;J3014
181;242493401;J3554
181;242493402;J3555
110;107013;H2038
110;117025;Z5056
110;902004;K4036
110;117026;Z5117
110;914103;K4018
110;1721021;J3088
110;4144896;J3033
110;11150016Z;H2037
110;342-625 / 0902004;K4036
110;1721008;J3089
182;ZF750131012;K4101
182;ZF750131013;K4100
182;ZF0750131060;K4100
